Size,Instance type,Instance,Algorithm,ObjF Value,Total time [ms],ObjF time [ms]
32,CauchyDensity,10011002,Rnetworkflow,1792196707,283,40
32,CauchyDensity,10011004,Rnetworkflow,2397780369,254,39
32,CauchyDensity,10011005,Rnetworkflow,17909851849,254,40
32,CauchyDensity,10011007,Rnetworkflow,6243912576,307,41
32,CauchyDensity,10011008,Rnetworkflow,5688298977,306,40
32,CauchyDensity,10011009,Rnetworkflow,4097564224,249,40
32,CauchyDensity,10011010,Rnetworkflow,17220924118,310,41
32,CauchyDensity,10021004,Rnetworkflow,1358071384,231,40
32,CauchyDensity,10031001,Rnetworkflow,5121354077,216,40
32,CauchyDensity,10031002,Rnetworkflow,2252576302,223,41
32,CauchyDensity,10031004,Rnetworkflow,1340888028,222,39
32,CauchyDensity,10031005,Rnetworkflow,6852192960,238,41
32,CauchyDensity,10031006,Rnetworkflow,5282453447,263,41
32,CauchyDensity,10031007,Rnetworkflow,1621406347,231,40
32,CauchyDensity,10031008,Rnetworkflow,1286987748,235,40
32,CauchyDensity,10031009,Rnetworkflow,3964919205,252,40
32,CauchyDensity,10031010,Rnetworkflow,4552295541,280,40
32,CauchyDensity,10051002,Rnetworkflow,15509602618,244,39
32,CauchyDensity,10051004,Rnetworkflow,10991486054,237,40
32,CauchyDensity,10051007,Rnetworkflow,11658175111,299,40
32,CauchyDensity,10051008,Rnetworkflow,9303877284,253,40
32,CauchyDensity,10061001,Rnetworkflow,17730415512,275,40
32,CauchyDensity,10061002,Rnetworkflow,13310503857,261,40
32,CauchyDensity,10061004,Rnetworkflow,8522432379,234,40
32,CauchyDensity,10061005,Rnetworkflow,4281530985,236,39
32,CauchyDensity,10061007,Rnetworkflow,5714245194,242,40
32,CauchyDensity,10061008,Rnetworkflow,5520715675,243,40
32,CauchyDensity,10061009,Rnetworkflow,10977793522,254,40
32,CauchyDensity,10061010,Rnetworkflow,262412234,222,41
32,CauchyDensity,10071002,Rnetworkflow,3071265843,239,40
32,CauchyDensity,10071004,Rnetworkflow,1217239633,219,40
32,CauchyDensity,10071008,Rnetworkflow,524243513,234,39
32,CauchyDensity,10081002,Rnetworkflow,2838665716,278,41
32,CauchyDensity,10081004,Rnetworkflow,827596960,246,41
32,CauchyDensity,10091002,Rnetworkflow,3570958089,241,39
32,CauchyDensity,10091004,Rnetworkflow,1513708625,235,40
32,CauchyDensity,10091005,Rnetworkflow,11776812105,253,40
32,CauchyDensity,10091007,Rnetworkflow,3626689554,240,40
32,CauchyDensity,10091008,Rnetworkflow,1792520801,250,40
32,CauchyDensity,10101002,Rnetworkflow,12660462669,241,40
32,CauchyDensity,10101004,Rnetworkflow,8245624221,236,40
32,CauchyDensity,10101005,Rnetworkflow,3096475867,236,40
32,CauchyDensity,10101007,Rnetworkflow,5851790240,238,40
32,CauchyDensity,10101008,Rnetworkflow,5450830299,237,40
32,CauchyDensity,10101009,Rnetworkflow,10834612538,252,39
32,ClassicImages,10011002,Rnetworkflow,642064623,301,40
32,ClassicImages,10011004,Rnetworkflow,421791280,276,40
32,ClassicImages,10011005,Rnetworkflow,540989401,244,40
32,ClassicImages,10011007,Rnetworkflow,865212037,265,40
32,ClassicImages,10011008,Rnetworkflow,609060037,348,40
32,ClassicImages,10011009,Rnetworkflow,1697348934,267,40
32,ClassicImages,10011010,Rnetworkflow,1331537051,329,40
32,ClassicImages,10021004,Rnetworkflow,164211261,219,40
32,ClassicImages,10031001,Rnetworkflow,764360198,257,40
32,ClassicImages,10031002,Rnetworkflow,374909903,234,40
32,ClassicImages,10031004,Rnetworkflow,285454110,226,40
32,ClassicImages,10031005,Rnetworkflow,326952787,220,40
32,ClassicImages,10031006,Rnetworkflow,487928608,267,40
32,ClassicImages,10031007,Rnetworkflow,535268331,221,40
32,ClassicImages,10031008,Rnetworkflow,371014643,268,40
32,ClassicImages,10031009,Rnetworkflow,1258549336,249,40
32,ClassicImages,10031010,Rnetworkflow,843443801,250,40
32,ClassicImages,10051002,Rnetworkflow,155820730,250,40
32,ClassicImages,10051004,Rnetworkflow,208241169,237,40
32,ClassicImages,10051007,Rnetworkflow,186011698,232,40
32,ClassicImages,10051008,Rnetworkflow,318902136,255,40
32,ClassicImages,10061001,Rnetworkflow,1163234480,321,40
32,ClassicImages,10061002,Rnetworkflow,187296273,241,43
32,ClassicImages,10061004,Rnetworkflow,362148416,233,40
32,ClassicImages,10061005,Rnetworkflow,297953779,238,40
32,ClassicImages,10061007,Rnetworkflow,254800901,220,40
32,ClassicImages,10061008,Rnetworkflow,359332959,239,40
32,ClassicImages,10061009,Rnetworkflow,822271864,236,40
32,ClassicImages,10061010,Rnetworkflow,474006191,276,40
32,ClassicImages,10071002,Rnetworkflow,170977130,220,40
32,ClassicImages,10071004,Rnetworkflow,376860113,223,39
32,ClassicImages,10071008,Rnetworkflow,353883358,236,40
32,ClassicImages,10081002,Rnetworkflow,224243244,209,40
32,ClassicImages,10081004,Rnetworkflow,187999133,239,40
32,ClassicImages,10091002,Rnetworkflow,838588231,305,43
32,ClassicImages,10091004,Rnetworkflow,1133114680,249,40
32,ClassicImages,10091005,Rnetworkflow,723010961,275,40
32,ClassicImages,10091007,Rnetworkflow,689172553,271,40
32,ClassicImages,10091008,Rnetworkflow,1437741601,301,39
32,ClassicImages,10101002,Rnetworkflow,414270674,232,40
32,ClassicImages,10101004,Rnetworkflow,643276729,265,40
32,ClassicImages,10101005,Rnetworkflow,644833928,241,40
32,ClassicImages,10101007,Rnetworkflow,506634068,250,40
32,ClassicImages,10101008,Rnetworkflow,496835542,233,40
32,ClassicImages,10101009,Rnetworkflow,1740589599,244,40
32,GRFmoderate,10011002,Rnetworkflow,417043033,228,40
32,GRFmoderate,10011004,Rnetworkflow,2058476023,273,42
32,GRFmoderate,10011005,Rnetworkflow,622772266,227,40
32,GRFmoderate,10011007,Rnetworkflow,406183035,235,40
32,GRFmoderate,10011008,Rnetworkflow,1317918110,272,40
32,GRFmoderate,10011009,Rnetworkflow,288510370,217,39
32,GRFmoderate,10011010,Rnetworkflow,209422385,206,40
32,GRFmoderate,10021004,Rnetworkflow,1256712988,237,39
32,GRFmoderate,10031001,Rnetworkflow,908194803,277,41
32,GRFmoderate,10031002,Rnetworkflow,949126052,236,40
32,GRFmoderate,10031004,Rnetworkflow,1120855514,262,40
32,GRFmoderate,10031005,Rnetworkflow,632468053,234,41
32,GRFmoderate,10031006,Rnetworkflow,885827463,226,40
32,GRFmoderate,10031007,Rnetworkflow,805376224,219,41
32,GRFmoderate,10031008,Rnetworkflow,358653571,246,40
32,GRFmoderate,10031009,Rnetworkflow,632453437,240,40
32,GRFmoderate,10031010,Rnetworkflow,670620770,233,39
32,GRFmoderate,10051002,Rnetworkflow,364164385,240,40
32,GRFmoderate,10051004,Rnetworkflow,746068593,249,40
32,GRFmoderate,10051007,Rnetworkflow,299561843,235,40
32,GRFmoderate,10051008,Rnetworkflow,922413636,275,43
32,GRFmoderate,10061001,Rnetworkflow,1276934640,306,40
32,GRFmoderate,10061002,Rnetworkflow,893322779,293,40
32,GRFmoderate,10061004,Rnetworkflow,740953195,230,40
32,GRFmoderate,10061005,Rnetworkflow,379468874,255,39
32,GRFmoderate,10061007,Rnetworkflow,867378169,284,40
32,GRFmoderate,10061008,Rnetworkflow,1307654414,234,40
32,GRFmoderate,10061009,Rnetworkflow,876517322,273,40
32,GRFmoderate,10061010,Rnetworkflow,996419923,289,39
32,GRFmoderate,10071002,Rnetworkflow,407470852,207,40
32,GRFmoderate,10071004,Rnetworkflow,1517326078,261,42
32,GRFmoderate,10071008,Rnetworkflow,954142553,237,40
32,GRFmoderate,10081002,Rnetworkflow,1362745945,270,39
32,GRFmoderate,10081004,Rnetworkflow,1467827953,225,40
32,GRFmoderate,10091002,Rnetworkflow,349434325,227,41
32,GRFmoderate,10091004,Rnetworkflow,1436318905,278,40
32,GRFmoderate,10091005,Rnetworkflow,339332532,215,40
32,GRFmoderate,10091007,Rnetworkflow,159044387,215,40
32,GRFmoderate,10091008,Rnetworkflow,759504426,227,40
32,GRFmoderate,10101002,Rnetworkflow,450423650,233,39
32,GRFmoderate,10101004,Rnetworkflow,1767724806,270,40
32,GRFmoderate,10101005,Rnetworkflow,415758811,234,39
32,GRFmoderate,10101007,Rnetworkflow,234106414,234,40
32,GRFmoderate,10101008,Rnetworkflow,1074961309,258,40
32,GRFmoderate,10101009,Rnetworkflow,242499731,213,41
32,GRFrough,10011002,Rnetworkflow,151156309,215,40
32,GRFrough,10011004,Rnetworkflow,170020029,234,40
32,GRFrough,10011005,Rnetworkflow,96074176,208,40
32,GRFrough,10011007,Rnetworkflow,84752158,225,43
32,GRFrough,10011008,Rnetworkflow,94084457,221,39
32,GRFrough,10011009,Rnetworkflow,75566352,222,40
32,GRFrough,10011010,Rnetworkflow,101264476,207,40
32,GRFrough,10021004,Rnetworkflow,177882234,218,40
32,GRFrough,10031001,Rnetworkflow,105799763,230,40
32,GRFrough,10031002,Rnetworkflow,183408184,221,40
32,GRFrough,10031004,Rnetworkflow,153466728,225,40
32,GRFrough,10031005,Rnetworkflow,149549061,219,40
32,GRFrough,10031006,Rnetworkflow,98235286,225,40
32,GRFrough,10031007,Rnetworkflow,95364267,233,40
32,GRFrough,10031008,Rnetworkflow,121005994,216,40
32,GRFrough,10031009,Rnetworkflow,133254415,222,40
32,GRFrough,10031010,Rnetworkflow,122400625,240,44
32,GRFrough,10051002,Rnetworkflow,80379813,215,39
32,GRFrough,10051004,Rnetworkflow,209710895,248,40
32,GRFrough,10051007,Rnetworkflow,122695058,233,44
32,GRFrough,10051008,Rnetworkflow,87788389,223,40
32,GRFrough,10061001,Rnetworkflow,130973107,215,40
32,GRFrough,10061002,Rnetworkflow,187739330,226,43
32,GRFrough,10061004,Rnetworkflow,138220966,239,40
32,GRFrough,10061005,Rnetworkflow,162308605,231,45
32,GRFrough,10061007,Rnetworkflow,158446987,216,40
32,GRFrough,10061008,Rnetworkflow,185928034,237,40
32,GRFrough,10061009,Rnetworkflow,150840939,226,40
32,GRFrough,10061010,Rnetworkflow,117139219,233,42
32,GRFrough,10071002,Rnetworkflow,167036651,218,40
32,GRFrough,10071004,Rnetworkflow,190470457,210,40
32,GRFrough,10071008,Rnetworkflow,76879099,202,40
32,GRFrough,10081002,Rnetworkflow,130160550,235,40
32,GRFrough,10081004,Rnetworkflow,205655006,212,40
32,GRFrough,10091002,Rnetworkflow,100041181,212,40
32,GRFrough,10091004,Rnetworkflow,194897565,232,40
32,GRFrough,10091005,Rnetworkflow,69804222,211,40
32,GRFrough,10091007,Rnetworkflow,89287872,210,40
32,GRFrough,10091008,Rnetworkflow,85992103,209,40
32,GRFrough,10101002,Rnetworkflow,96820985,223,40
32,GRFrough,10101004,Rnetworkflow,183862247,229,40
32,GRFrough,10101005,Rnetworkflow,68134702,209,43
32,GRFrough,10101007,Rnetworkflow,136614510,229,40
32,GRFrough,10101008,Rnetworkflow,122263939,224,40
32,GRFrough,10101009,Rnetworkflow,88268958,216,40
32,GRFsmooth,10011002,Rnetworkflow,2192628583,251,41
32,GRFsmooth,10011004,Rnetworkflow,1935825471,262,41
32,GRFsmooth,10011005,Rnetworkflow,1278120742,261,39
32,GRFsmooth,10011007,Rnetworkflow,370907675,317,40
32,GRFsmooth,10011008,Rnetworkflow,1919398687,225,41
32,GRFsmooth,10011009,Rnetworkflow,1352756959,221,40
32,GRFsmooth,10011010,Rnetworkflow,2398552683,238,40
32,GRFsmooth,10021004,Rnetworkflow,6078514050,243,39
32,GRFsmooth,10031001,Rnetworkflow,5859784556,274,40
32,GRFsmooth,10031002,Rnetworkflow,4072302973,250,40
32,GRFsmooth,10031004,Rnetworkflow,8720841903,268,40
32,GRFsmooth,10031005,Rnetworkflow,6930003006,263,40
32,GRFsmooth,10031006,Rnetworkflow,3809446997,309,41
32,GRFsmooth,10031007,Rnetworkflow,6102346267,274,39
32,GRFsmooth,10031008,Rnetworkflow,2090817265,246,40
32,GRFsmooth,10031009,Rnetworkflow,3169266845,231,40
32,GRFsmooth,10031010,Rnetworkflow,2550004137,253,40
32,GRFsmooth,10051002,Rnetworkflow,3489604383,298,40
32,GRFsmooth,10051004,Rnetworkflow,929198859,245,39
32,GRFsmooth,10051007,Rnetworkflow,1267127657,312,39
32,GRFsmooth,10051008,Rnetworkflow,2641344483,256,39
32,GRFsmooth,10061001,Rnetworkflow,998903875,279,41
32,GRFsmooth,10061002,Rnetworkflow,1093335490,273,39
32,GRFsmooth,10061004,Rnetworkflow,3032271612,255,39
32,GRFsmooth,10061005,Rnetworkflow,1356711709,314,40
32,GRFsmooth,10061007,Rnetworkflow,767096158,259,40
32,GRFsmooth,10061008,Rnetworkflow,750194750,232,40
32,GRFsmooth,10061009,Rnetworkflow,1340901494,222,40
32,GRFsmooth,10061010,Rnetworkflow,1367176930,288,40
32,GRFsmooth,10071002,Rnetworkflow,1691797832,246,40
32,GRFsmooth,10071004,Rnetworkflow,2163936616,245,39
32,GRFsmooth,10071008,Rnetworkflow,1639328430,248,39
32,GRFsmooth,10081002,Rnetworkflow,735397096,245,39
32,GRFsmooth,10081004,Rnetworkflow,4633448114,239,40
32,GRFsmooth,10091002,Rnetworkflow,2483493688,249,39
32,GRFsmooth,10091004,Rnetworkflow,2005629276,282,39
32,GRFsmooth,10091005,Rnetworkflow,1610084355,234,40
32,GRFsmooth,10091007,Rnetworkflow,1432067894,267,40
32,GRFsmooth,10091008,Rnetworkflow,1100107608,238,41
32,GRFsmooth,10101002,Rnetworkflow,2270731530,260,39
32,GRFsmooth,10101004,Rnetworkflow,3106598072,258,41
32,GRFsmooth,10101005,Rnetworkflow,2299669915,297,40
32,GRFsmooth,10101007,Rnetworkflow,1986458394,288,40
32,GRFsmooth,10101008,Rnetworkflow,1014648180,246,40
32,GRFsmooth,10101009,Rnetworkflow,755517558,215,41
32,LogGRF,10011002,Rnetworkflow,1965745245,247,40
32,LogGRF,10011004,Rnetworkflow,6480024361,271,41
32,LogGRF,10011005,Rnetworkflow,17205783639,295,40
32,LogGRF,10011007,Rnetworkflow,1335892375,230,39
32,LogGRF,10011008,Rnetworkflow,3919672441,276,40
32,LogGRF,10011009,Rnetworkflow,14659395961,285,40
32,LogGRF,10011010,Rnetworkflow,8878243714,292,40
32,LogGRF,10021004,Rnetworkflow,4252932996,254,40
32,LogGRF,10031001,Rnetworkflow,8694492219,317,41
32,LogGRF,10031002,Rnetworkflow,5428342044,262,41
32,LogGRF,10031004,Rnetworkflow,10608431310,338,41
32,LogGRF,10031005,Rnetworkflow,9054858322,307,41
32,LogGRF,10031006,Rnetworkflow,5788811237,302,40
32,LogGRF,10031007,Rnetworkflow,6597397664,278,40
32,LogGRF,10031008,Rnetworkflow,5800943878,296,41
32,LogGRF,10031009,Rnetworkflow,8259967534,288,41
32,LogGRF,10031010,Rnetworkflow,4608541127,279,40
32,LogGRF,10051002,Rnetworkflow,10377222264,290,42
32,LogGRF,10051004,Rnetworkflow,9404884288,274,40
32,LogGRF,10051007,Rnetworkflow,14474713246,260,40
32,LogGRF,10051008,Rnetworkflow,6192225618,276,40
32,LogGRF,10061001,Rnetworkflow,3229519112,253,41
32,LogGRF,10061002,Rnetworkflow,1815590147,224,41
32,LogGRF,10061004,Rnetworkflow,8610066159,264,39
32,LogGRF,10061005,Rnetworkflow,16409543573,293,41
32,LogGRF,10061007,Rnetworkflow,4607070487,249,41
32,LogGRF,10061008,Rnetworkflow,4177327967,249,45
32,LogGRF,10061009,Rnetworkflow,7047150347,261,39
32,LogGRF,10061010,Rnetworkflow,8063474482,252,40
32,LogGRF,10071002,Rnetworkflow,2676762566,297,40
32,LogGRF,10071004,Rnetworkflow,5871678556,315,40
32,LogGRF,10071008,Rnetworkflow,3351691604,244,40
32,LogGRF,10081002,Rnetworkflow,1203369810,237,41
32,LogGRF,10081004,Rnetworkflow,2979160606,238,40
32,LogGRF,10091002,Rnetworkflow,8119403846,265,41
32,LogGRF,10091004,Rnetworkflow,12879358992,284,41
32,LogGRF,10091005,Rnetworkflow,10517415150,254,40
32,LogGRF,10091007,Rnetworkflow,16324292722,321,41
32,LogGRF,10091008,Rnetworkflow,8015762412,267,40
32,LogGRF,10101002,Rnetworkflow,3990752541,282,41
32,LogGRF,10101004,Rnetworkflow,4158961923,252,40
32,LogGRF,10101005,Rnetworkflow,2567696637,261,40
32,LogGRF,10101007,Rnetworkflow,7671692129,255,41
32,LogGRF,10101008,Rnetworkflow,2385191327,236,40
32,LogGRF,10101009,Rnetworkflow,6675200023,297,40
32,LogitGRF,10011002,Rnetworkflow,1734786131,287,39
32,LogitGRF,10011004,Rnetworkflow,1099587926,298,41
32,LogitGRF,10011005,Rnetworkflow,669189205,277,40
32,LogitGRF,10011007,Rnetworkflow,1459837111,239,41
32,LogitGRF,10011008,Rnetworkflow,585110612,251,40
32,LogitGRF,10011009,Rnetworkflow,3305342258,298,40
32,LogitGRF,10011010,Rnetworkflow,1528658852,267,39
32,LogitGRF,10021004,Rnetworkflow,814646253,283,42
32,LogitGRF,10031001,Rnetworkflow,1541589601,246,40
32,LogitGRF,10031002,Rnetworkflow,2276718360,333,40
32,LogitGRF,10031004,Rnetworkflow,2375471039,359,40
32,LogitGRF,10031005,Rnetworkflow,956947752,266,39
32,LogitGRF,10031006,Rnetworkflow,1400098481,240,41
32,LogitGRF,10031007,Rnetworkflow,1128095288,306,39
32,LogitGRF,10031008,Rnetworkflow,2269511669,236,40
32,LogitGRF,10031009,Rnetworkflow,1151562337,256,40
32,LogitGRF,10031010,Rnetworkflow,1165578561,255,40
32,LogitGRF,10051002,Rnetworkflow,1488019704,278,39
32,LogitGRF,10051004,Rnetworkflow,1281138037,246,40
32,LogitGRF,10051007,Rnetworkflow,1658562170,230,39
32,LogitGRF,10051008,Rnetworkflow,1114201435,223,40
32,LogitGRF,10061001,Rnetworkflow,771856370,244,39
32,LogitGRF,10061002,Rnetworkflow,1458165119,256,40
32,LogitGRF,10061004,Rnetworkflow,1362585730,298,40
32,LogitGRF,10061005,Rnetworkflow,917695103,274,39
32,LogitGRF,10061007,Rnetworkflow,1033728317,246,40
32,LogitGRF,10061008,Rnetworkflow,1041451750,237,40
32,LogitGRF,10061009,Rnetworkflow,2841771926,288,39
32,LogitGRF,10061010,Rnetworkflow,1130739680,298,40
32,LogitGRF,10071002,Rnetworkflow,3031423402,291,40
32,LogitGRF,10071004,Rnetworkflow,2769335017,280,40
32,LogitGRF,10071008,Rnetworkflow,2399560381,250,41
32,LogitGRF,10081002,Rnetworkflow,1995448687,326,40
32,LogitGRF,10081004,Rnetworkflow,1228374494,298,42
32,LogitGRF,10091002,Rnetworkflow,2394452805,330,39
32,LogitGRF,10091004,Rnetworkflow,3237239400,239,39
32,LogitGRF,10091005,Rnetworkflow,2067002647,244,41
32,LogitGRF,10091007,Rnetworkflow,3199824953,310,39
32,LogitGRF,10091008,Rnetworkflow,4231362120,252,39
32,LogitGRF,10101002,Rnetworkflow,1155488377,308,40
32,LogitGRF,10101004,Rnetworkflow,1579418934,228,40
32,LogitGRF,10101005,Rnetworkflow,1317770009,247,41
32,LogitGRF,10101007,Rnetworkflow,1949831135,249,40
32,LogitGRF,10101008,Rnetworkflow,2038417282,222,39
32,LogitGRF,10101009,Rnetworkflow,1331916570,237,40
32,MicroscopyImages,10011002,Rnetworkflow,1113439145,99,31
32,MicroscopyImages,10011004,Rnetworkflow,4375274325,108,31
32,MicroscopyImages,10011005,Rnetworkflow,6404851276,103,30
32,MicroscopyImages,10011007,Rnetworkflow,5636671272,94,28
32,MicroscopyImages,10011008,Rnetworkflow,6309242060,121,32
32,MicroscopyImages,10011009,Rnetworkflow,4895665785,89,28
32,MicroscopyImages,10011010,Rnetworkflow,2975148890,117,33
32,MicroscopyImages,10021004,Rnetworkflow,5615986990,169,51
32,MicroscopyImages,10031001,Rnetworkflow,9127985268,76,25
32,MicroscopyImages,10031002,Rnetworkflow,10368915611,106,30
32,MicroscopyImages,10031004,Rnetworkflow,1458056103,99,31
32,MicroscopyImages,10031005,Rnetworkflow,4076134672,101,29
32,MicroscopyImages,10031006,Rnetworkflow,2499003470,115,33
32,MicroscopyImages,10031007,Rnetworkflow,4912835614,87,28
32,MicroscopyImages,10031008,Rnetworkflow,4441900634,115,32
32,MicroscopyImages,10031009,Rnetworkflow,4820437077,86,28
32,MicroscopyImages,10031010,Rnetworkflow,5286615562,119,33
32,MicroscopyImages,10051002,Rnetworkflow,5055032825,139,34
32,MicroscopyImages,10051004,Rnetworkflow,3326211681,142,35
32,MicroscopyImages,10051007,Rnetworkflow,2956463676,121,32
32,MicroscopyImages,10051008,Rnetworkflow,2929547244,167,52
32,MicroscopyImages,10061001,Rnetworkflow,7407039052,119,33
32,MicroscopyImages,10061002,Rnetworkflow,6640787263,183,36
32,MicroscopyImages,10061004,Rnetworkflow,2486900891,221,55
32,MicroscopyImages,10061005,Rnetworkflow,465637718,160,51
32,MicroscopyImages,10061007,Rnetworkflow,3007911002,142,34
32,MicroscopyImages,10061008,Rnetworkflow,2863284268,201,38
32,MicroscopyImages,10061009,Rnetworkflow,2587922603,137,38
32,MicroscopyImages,10061010,Rnetworkflow,2708490782,209,40
32,MicroscopyImages,10071002,Rnetworkflow,5341166391,131,33
32,MicroscopyImages,10071004,Rnetworkflow,3067474949,128,33
32,MicroscopyImages,10071008,Rnetworkflow,337039790,122,35
32,MicroscopyImages,10081002,Rnetworkflow,5876045361,188,35
32,MicroscopyImages,10081004,Rnetworkflow,3049428353,190,37
32,MicroscopyImages,10091002,Rnetworkflow,3985490722,122,33
32,MicroscopyImages,10091004,Rnetworkflow,3530608744,121,33
32,MicroscopyImages,10091005,Rnetworkflow,2288966075,113,31
32,MicroscopyImages,10091007,Rnetworkflow,5735521479,112,30
32,MicroscopyImages,10091008,Rnetworkflow,5551601535,146,35
32,MicroscopyImages,10101002,Rnetworkflow,2151446473,180,36
32,MicroscopyImages,10101004,Rnetworkflow,2773701599,210,55
32,MicroscopyImages,10101005,Rnetworkflow,2198895408,178,51
32,MicroscopyImages,10101007,Rnetworkflow,4667825704,149,34
32,MicroscopyImages,10101008,Rnetworkflow,4745611100,205,40
32,MicroscopyImages,10101009,Rnetworkflow,869092881,128,36
32,Shapes,10011002,Rnetworkflow,2498560000,95,32
32,Shapes,10011004,Rnetworkflow,1380876504,132,37
32,Shapes,10011005,Rnetworkflow,974472630,111,37
32,Shapes,10011007,Rnetworkflow,2856691337,152,37
32,Shapes,10011008,Rnetworkflow,1677590960,82,32
32,Shapes,10011009,Rnetworkflow,778000000,102,25
32,Shapes,10011010,Rnetworkflow,341166340,110,35
32,Shapes,10021004,Rnetworkflow,352115986,59,23
32,Shapes,10031001,Rnetworkflow,136000000,159,24
32,Shapes,10031002,Rnetworkflow,2560096000,52,21
32,Shapes,10031004,Rnetworkflow,1453457196,72,26
32,Shapes,10031005,Rnetworkflow,1050860320,62,25
32,Shapes,10031006,Rnetworkflow,4951600000,57,13
32,Shapes,10031007,Rnetworkflow,2931901317,81,27
32,Shapes,10031008,Rnetworkflow,1735402504,49,21
32,Shapes,10031009,Rnetworkflow,834400000,50,13
32,Shapes,10031010,Rnetworkflow,432434912,64,25
32,Shapes,10051002,Rnetworkflow,3227151522,57,22
32,Shapes,10051004,Rnetworkflow,1851552136,73,26
32,Shapes,10051007,Rnetworkflow,3381665761,81,27
32,Shapes,10051008,Rnetworkflow,1545470204,51,21
32,Shapes,10061001,Rnetworkflow,4886800000,187,24
32,Shapes,10061002,Rnetworkflow,3891264000,59,21
32,Shapes,10061004,Rnetworkflow,3595726992,83,25
32,Shapes,10061005,Rnetworkflow,5472922118,70,24
32,Shapes,10061007,Rnetworkflow,10775897657,89,26
32,Shapes,10061008,Rnetworkflow,3906389576,55,21
32,Shapes,10061009,Rnetworkflow,5411200000,54,13
32,Shapes,10061010,Rnetworkflow,5777420840,73,24
32,Shapes,10071002,Rnetworkflow,2589584123,74,27
32,Shapes,10071004,Rnetworkflow,2040807815,90,28
32,Shapes,10071008,Rnetworkflow,2346634519,63,22
32,Shapes,10081002,Rnetworkflow,629300580,40,17
32,Shapes,10081004,Rnetworkflow,340140112,50,22
32,Shapes,10091002,Rnetworkflow,2960160000,56,21
32,Shapes,10091004,Rnetworkflow,1957490118,73,26
32,Shapes,10091005,Rnetworkflow,1745648268,63,24
32,Shapes,10091007,Rnetworkflow,3487215639,82,26
32,Shapes,10091008,Rnetworkflow,2278436924,51,20
32,Shapes,10101002,Rnetworkflow,3509690032,58,22
32,Shapes,10101004,Rnetworkflow,2250417600,73,26
32,Shapes,10101005,Rnetworkflow,1263731228,68,26
32,Shapes,10101007,Rnetworkflow,3639101183,83,27
32,Shapes,10101008,Rnetworkflow,2543288816,51,21
32,Shapes,10101009,Rnetworkflow,930355024,68,25
32,WhiteNoise,10011002,Rnetworkflow,72631474,245,42
32,WhiteNoise,10011004,Rnetworkflow,98469247,224,42
32,WhiteNoise,10011005,Rnetworkflow,80924888,241,42
32,WhiteNoise,10011007,Rnetworkflow,73705465,216,41
32,WhiteNoise,10011008,Rnetworkflow,71791015,230,41
32,WhiteNoise,10011009,Rnetworkflow,94176366,238,42
32,WhiteNoise,10011010,Rnetworkflow,78316204,234,42
32,WhiteNoise,10021004,Rnetworkflow,95227651,225,42
32,WhiteNoise,10031001,Rnetworkflow,77475839,220,43
32,WhiteNoise,10031002,Rnetworkflow,79716769,226,44
32,WhiteNoise,10031004,Rnetworkflow,99770800,243,44
32,WhiteNoise,10031005,Rnetworkflow,82048023,240,44
32,WhiteNoise,10031006,Rnetworkflow,66730834,224,44
32,WhiteNoise,10031007,Rnetworkflow,81831112,225,43
32,WhiteNoise,10031008,Rnetworkflow,86971808,226,43
32,WhiteNoise,10031009,Rnetworkflow,84280449,220,43
32,WhiteNoise,10031010,Rnetworkflow,70089433,229,43
32,WhiteNoise,10051002,Rnetworkflow,76939238,220,42
32,WhiteNoise,10051004,Rnetworkflow,77180629,215,42
32,WhiteNoise,10051007,Rnetworkflow,79855821,215,42
32,WhiteNoise,10051008,Rnetworkflow,83570883,237,42
32,WhiteNoise,10061001,Rnetworkflow,66044153,226,43
32,WhiteNoise,10061002,Rnetworkflow,76607451,219,42
32,WhiteNoise,10061004,Rnetworkflow,83850164,252,42
32,WhiteNoise,10061005,Rnetworkflow,73267053,224,43
32,WhiteNoise,10061007,Rnetworkflow,82416958,225,42
32,WhiteNoise,10061008,Rnetworkflow,74716462,228,43
32,WhiteNoise,10061009,Rnetworkflow,87470769,230,43
32,WhiteNoise,10061010,Rnetworkflow,71464641,232,42
32,WhiteNoise,10071002,Rnetworkflow,77529055,229,42
32,WhiteNoise,10071004,Rnetworkflow,124288292,237,42
32,WhiteNoise,10071008,Rnetworkflow,77792116,243,46
32,WhiteNoise,10081002,Rnetworkflow,68138269,219,43
32,WhiteNoise,10081004,Rnetworkflow,97534768,244,42
32,WhiteNoise,10091002,Rnetworkflow,79764058,261,42
32,WhiteNoise,10091004,Rnetworkflow,83115435,229,43
32,WhiteNoise,10091005,Rnetworkflow,76746646,242,42
32,WhiteNoise,10091007,Rnetworkflow,100452347,232,43
32,WhiteNoise,10091008,Rnetworkflow,91426453,246,42
32,WhiteNoise,10101002,Rnetworkflow,83020178,248,42
32,WhiteNoise,10101004,Rnetworkflow,119068103,242,42
32,WhiteNoise,10101005,Rnetworkflow,88253438,259,43
32,WhiteNoise,10101007,Rnetworkflow,81917349,230,42
32,WhiteNoise,10101008,Rnetworkflow,85910655,224,42
32,WhiteNoise,10101009,Rnetworkflow,95253472,265,42
64,CauchyDensity,10011002,Rnetworkflow,144304310665,6243,169
64,CauchyDensity,10011004,Rnetworkflow,65575610400,4719,165
64,CauchyDensity,10011005,Rnetworkflow,72157399142,4354,166
64,CauchyDensity,10011006,Rnetworkflow,129576229366,5048,164
64,CauchyDensity,10011007,Rnetworkflow,56024485389,3818,164
64,CauchyDensity,10011008,Rnetworkflow,110773437996,4524,164
64,CauchyDensity,10011009,Rnetworkflow,83471564505,5037,165
64,CauchyDensity,10011010,Rnetworkflow,71925648284,4096,165
64,CauchyDensity,10021004,Rnetworkflow,99779684705,7259,164
64,CauchyDensity,10021005,Rnetworkflow,38491248233,5291,163
64,CauchyDensity,10021006,Rnetworkflow,59571687809,4473,158
64,CauchyDensity,10021007,Rnetworkflow,87292819360,4460,161
64,CauchyDensity,10021008,Rnetworkflow,31766180869,3511,161
64,CauchyDensity,10021009,Rnetworkflow,91272973178,5011,156
64,CauchyDensity,10021010,Rnetworkflow,105613729341,5970,164
64,CauchyDensity,10031001,Rnetworkflow,21901458378,6392,166
64,CauchyDensity,10031002,Rnetworkflow,121472957977,4256,162
64,CauchyDensity,10031004,Rnetworkflow,40017765318,6985,158
64,CauchyDensity,10031005,Rnetworkflow,53392841146,4751,160
64,CauchyDensity,10031006,Rnetworkflow,95588179542,6397,161
64,CauchyDensity,10031007,Rnetworkflow,12782169843,4609,168
64,CauchyDensity,10031008,Rnetworkflow,100770903796,4800,166
64,CauchyDensity,10031009,Rnetworkflow,52414815905,6305,169
64,CauchyDensity,10031010,Rnetworkflow,22228627248,5209,163
64,CauchyDensity,10041005,Rnetworkflow,69672501810,6858,157
64,CauchyDensity,10041006,Rnetworkflow,35980303100,4875,160
64,CauchyDensity,10041007,Rnetworkflow,30103261989,6182,160
64,CauchyDensity,10041008,Rnetworkflow,70492312460,5579,160
64,CauchyDensity,10041009,Rnetworkflow,82075851253,4666,159
64,CauchyDensity,10041010,Rnetworkflow,33222875862,6354,162
64,CauchyDensity,10051006,Rnetworkflow,46470625090,4544,160
64,CauchyDensity,10051007,Rnetworkflow,37437454913,7235,161
64,CauchyDensity,10051008,Rnetworkflow,20066313380,4754,162
64,CauchyDensity,10051009,Rnetworkflow,65605277869,5498,156
64,CauchyDensity,10051010,Rnetworkflow,65218213342,5679,162
64,CauchyDensity,10061007,Rnetworkflow,65139016001,6936,162
64,CauchyDensity,10061008,Rnetworkflow,41212944250,5298,157
64,CauchyDensity,10061009,Rnetworkflow,137677854051,4327,161
64,CauchyDensity,10071008,Rnetworkflow,70495478851,5009,157
64,CauchyDensity,10091007,Rnetworkflow,33262583478,7082,162
64,CauchyDensity,10091008,Rnetworkflow,78892276321,5088,163
64,CauchyDensity,10101006,Rnetworkflow,87541684044,6878,162
64,CauchyDensity,10101007,Rnetworkflow,5561007617,5065,160
64,CauchyDensity,10101008,Rnetworkflow,93076186740,6644,160
64,CauchyDensity,10101009,Rnetworkflow,26640695577,4315,161
64,ClassicImages,10011002,Rnetworkflow,9953483267,10760,158
64,ClassicImages,10011004,Rnetworkflow,6446736234,8810,158
64,ClassicImages,10011005,Rnetworkflow,8302069493,7531,157
64,ClassicImages,10011006,Rnetworkflow,18286640020,11171,158
64,ClassicImages,10011007,Rnetworkflow,13547702160,9115,161
64,ClassicImages,10011008,Rnetworkflow,9430749326,11387,159
64,ClassicImages,10011009,Rnetworkflow,26816496931,5488,159
64,ClassicImages,10011010,Rnetworkflow,20971373979,11340,159
64,ClassicImages,10021004,Rnetworkflow,2279622099,3427,158
64,ClassicImages,10021005,Rnetworkflow,2160463172,5248,157
64,ClassicImages,10021006,Rnetworkflow,2686823485,6110,159
64,ClassicImages,10021007,Rnetworkflow,2407959135,3682,160
64,ClassicImages,10021008,Rnetworkflow,3264445361,7133,159
64,ClassicImages,10021009,Rnetworkflow,13059583616,5899,163
64,ClassicImages,10021010,Rnetworkflow,6291167666,4129,161
64,ClassicImages,10031001,Rnetworkflow,11894246639,6019,160
64,ClassicImages,10031002,Rnetworkflow,5656430460,5149,160
64,ClassicImages,10031004,Rnetworkflow,4241030265,4973,159
64,ClassicImages,10031005,Rnetworkflow,4914443054,4671,160
64,ClassicImages,10031006,Rnetworkflow,7465547845,8660,159
64,ClassicImages,10031007,Rnetworkflow,8215840617,4816,160
64,ClassicImages,10031008,Rnetworkflow,5599011975,5306,160
64,ClassicImages,10031009,Rnetworkflow,19791546582,4554,158
64,ClassicImages,10031010,Rnetworkflow,13151915480,6318,159
64,ClassicImages,10041005,Rnetworkflow,2998646733,4359,158
64,ClassicImages,10041006,Rnetworkflow,5441375542,7693,159
64,ClassicImages,10041007,Rnetworkflow,5702778540,4330,160
64,ClassicImages,10041008,Rnetworkflow,2680410324,4557,160
64,ClassicImages,10041009,Rnetworkflow,17769434943,4598,158
64,ClassicImages,10041010,Rnetworkflow,9969669003,5932,162
64,ClassicImages,10051006,Rnetworkflow,4415729455,8082,159
64,ClassicImages,10051007,Rnetworkflow,2659114721,6502,160
64,ClassicImages,10051008,Rnetworkflow,4757657035,6927,157
64,ClassicImages,10051009,Rnetworkflow,11202578774,6068,160
64,ClassicImages,10051010,Rnetworkflow,9987637388,6572,159
64,ClassicImages,10061007,Rnetworkflow,3752998244,4153,160
64,ClassicImages,10061008,Rnetworkflow,5386752230,6398,158
64,ClassicImages,10061009,Rnetworkflow,12805351579,4850,161
64,ClassicImages,10071008,Rnetworkflow,5336141428,7608,159
64,ClassicImages,10091007,Rnetworkflow,10704435987,7005,158
64,ClassicImages,10091008,Rnetworkflow,22622648081,6836,159
64,ClassicImages,10101006,Rnetworkflow,7250340401,7160,159
64,ClassicImages,10101007,Rnetworkflow,7776826313,5682,158
64,ClassicImages,10101008,Rnetworkflow,7627977153,5309,159
64,ClassicImages,10101009,Rnetworkflow,27485497854,5956,159
64,GRFmoderate,10011002,Rnetworkflow,8132167619,3844,161
64,GRFmoderate,10011004,Rnetworkflow,6681767624,7959,160
64,GRFmoderate,10011005,Rnetworkflow,9079611068,7133,163
64,GRFmoderate,10011006,Rnetworkflow,16029822397,8463,160
64,GRFmoderate,10011007,Rnetworkflow,8249865108,6746,162
64,GRFmoderate,10011008,Rnetworkflow,14850939526,8251,160
64,GRFmoderate,10011009,Rnetworkflow,8227234109,5748,161
64,GRFmoderate,10011010,Rnetworkflow,11569587745,5173,161
64,GRFmoderate,10021004,Rnetworkflow,17980085403,5447,161
64,GRFmoderate,10021005,Rnetworkflow,14671507357,6291,160
64,GRFmoderate,10021006,Rnetworkflow,18782525652,6338,161
64,GRFmoderate,10021007,Rnetworkflow,15045364921,5820,161
64,GRFmoderate,10021008,Rnetworkflow,11376680217,8216,160
64,GRFmoderate,10021009,Rnetworkflow,17500939330,4993,159
64,GRFmoderate,10021010,Rnetworkflow,26098845944,5835,162
64,GRFmoderate,10031001,Rnetworkflow,6355757748,4801,156
64,GRFmoderate,10031002,Rnetworkflow,7317183825,8173,161
64,GRFmoderate,10031004,Rnetworkflow,14529840714,6151,162
64,GRFmoderate,10031005,Rnetworkflow,6174743488,7752,161
64,GRFmoderate,10031006,Rnetworkflow,9155069317,8128,161
64,GRFmoderate,10031007,Rnetworkflow,7058912140,5653,160
64,GRFmoderate,10031008,Rnetworkflow,6546746864,7329,160
64,GRFmoderate,10031009,Rnetworkflow,9308631963,5217,162
64,GRFmoderate,10031010,Rnetworkflow,15095133053,4399,161
64,GRFmoderate,10041005,Rnetworkflow,16305725086,7914,161
64,GRFmoderate,10041006,Rnetworkflow,21282613557,9889,161
64,GRFmoderate,10041007,Rnetworkflow,9320590548,5730,161
64,GRFmoderate,10041008,Rnetworkflow,24200847982,7328,157
64,GRFmoderate,10041009,Rnetworkflow,6448189615,7314,161
64,GRFmoderate,10041010,Rnetworkflow,4804053417,5398,161
64,GRFmoderate,10051006,Rnetworkflow,2969639407,4911,157
64,GRFmoderate,10051007,Rnetworkflow,4197703782,6064,161
64,GRFmoderate,10051008,Rnetworkflow,5995058038,5328,164
64,GRFmoderate,10051009,Rnetworkflow,6215925365,5730,161
64,GRFmoderate,10051010,Rnetworkflow,14897825377,6256,161
64,GRFmoderate,10061007,Rnetworkflow,7462538721,5147,160
64,GRFmoderate,10061008,Rnetworkflow,6862114921,8156,158
64,GRFmoderate,10061009,Rnetworkflow,8456122476,5144,157
64,GRFmoderate,10071008,Rnetworkflow,7033534482,8213,161
64,GRFmoderate,10091007,Rnetworkflow,3084205255,3854,161
64,GRFmoderate,10091008,Rnetworkflow,10976833841,6221,163
64,GRFmoderate,10101006,Rnetworkflow,17926038764,6416,160
64,GRFmoderate,10101007,Rnetworkflow,10277970509,8384,160
64,GRFmoderate,10101008,Rnetworkflow,24705809725,5577,160
64,GRFmoderate,10101009,Rnetworkflow,5616579748,6628,163
64,GRFrough,10011002,Rnetworkflow,833990071,5135,164
64,GRFrough,10011004,Rnetworkflow,1691484296,4753,164
64,GRFrough,10011005,Rnetworkflow,715303700,3424,164
64,GRFrough,10011006,Rnetworkflow,900745961,3826,162
64,GRFrough,10011007,Rnetworkflow,1413319109,6699,160
64,GRFrough,10011008,Rnetworkflow,843679703,3386,160
64,GRFrough,10011009,Rnetworkflow,802908520,3282,160
64,GRFrough,10011010,Rnetworkflow,1084004306,57350,162
64,GRFrough,10021004,Rnetworkflow,1454565095,4427,159
64,GRFrough,10021005,Rnetworkflow,1224476959,3579,160
64,GRFrough,10021006,Rnetworkflow,1337246218,4402,161
64,GRFrough,10021007,Rnetworkflow,968366236,4810,162
64,GRFrough,10021008,Rnetworkflow,1460352722,3362,162
64,GRFrough,10021009,Rnetworkflow,1188609089,3930,161
64,GRFrough,10021010,Rnetworkflow,1660440873,54815,163
64,GRFrough,10031001,Rnetworkflow,1489027910,4921,168
64,GRFrough,10031002,Rnetworkflow,1100651743,4950,166
64,GRFrough,10031004,Rnetworkflow,1165848740,3879,165
64,GRFrough,10031005,Rnetworkflow,1838111102,6301,165
64,GRFrough,10031006,Rnetworkflow,1810540789,6168,164
64,GRFrough,10031007,Rnetworkflow,839650835,4716,163
64,GRFrough,10031008,Rnetworkflow,1754379047,5655,166
64,GRFrough,10031009,Rnetworkflow,2000943470,6227,166
64,GRFrough,10031010,Rnetworkflow,1779530240,61810,166
64,GRFrough,10041005,Rnetworkflow,1441439828,7764,161
64,GRFrough,10041006,Rnetworkflow,1677512729,6041,161
64,GRFrough,10041007,Rnetworkflow,1005214285,6392,160
64,GRFrough,10041008,Rnetworkflow,1706242913,4549,161
64,GRFrough,10041009,Rnetworkflow,1609295810,6356,162
64,GRFrough,10041010,Rnetworkflow,1711738484,55221,159
64,GRFrough,10051006,Rnetworkflow,594608343,4199,156
64,GRFrough,10051007,Rnetworkflow,1745648261,8970,160
64,GRFrough,10051008,Rnetworkflow,1018628823,4807,160
64,GRFrough,10051009,Rnetworkflow,437944436,3682,161
64,GRFrough,10051010,Rnetworkflow,784454276,51462,160
64,GRFrough,10061007,Rnetworkflow,2120931526,7181,156
64,GRFrough,10061008,Rnetworkflow,1202759936,5929,159
64,GRFrough,10061009,Rnetworkflow,626632865,4445,159
64,GRFrough,10071008,Rnetworkflow,1476985294,5504,161
64,GRFrough,10091007,Rnetworkflow,1901074359,6918,162
64,GRFrough,10091008,Rnetworkflow,1174556991,5242,160
64,GRFrough,10101006,Rnetworkflow,700510387,3790,160
64,GRFrough,10101007,Rnetworkflow,1905287265,3531,159
64,GRFrough,10101008,Rnetworkflow,1028719229,3760,160
64,GRFrough,10101009,Rnetworkflow,844550106,3747,159
64,GRFsmooth,10011002,Rnetworkflow,89541335245,4179,162
64,GRFsmooth,10011004,Rnetworkflow,66107747364,6392,160
64,GRFsmooth,10011005,Rnetworkflow,56029226935,8066,162
64,GRFsmooth,10011006,Rnetworkflow,11108627936,5795,161
64,GRFsmooth,10011007,Rnetworkflow,28085122474,6345,161
64,GRFsmooth,10011008,Rnetworkflow,27202083144,8570,160
64,GRFsmooth,10011009,Rnetworkflow,17036313052,7714,156
64,GRFsmooth,10011010,Rnetworkflow,50058475172,5003,161
64,GRFsmooth,10021004,Rnetworkflow,20846051365,5410,157
64,GRFsmooth,10021005,Rnetworkflow,36925804290,8360,160
64,GRFsmooth,10021006,Rnetworkflow,62710785561,8650,162
64,GRFsmooth,10021007,Rnetworkflow,104204654551,8470,161
64,GRFsmooth,10021008,Rnetworkflow,54576376699,7522,161
64,GRFsmooth,10021009,Rnetworkflow,55096322475,8867,160
64,GRFsmooth,10021010,Rnetworkflow,41089047403,9642,160
64,GRFsmooth,10031001,Rnetworkflow,16642031179,6528,162
64,GRFsmooth,10031002,Rnetworkflow,62293290776,6286,161
64,GRFsmooth,10031004,Rnetworkflow,50947666579,8125,158
64,GRFsmooth,10031005,Rnetworkflow,50520820870,9890,159
64,GRFsmooth,10031006,Rnetworkflow,13132763041,5637,161
64,GRFsmooth,10031007,Rnetworkflow,31708130999,10640,157
64,GRFsmooth,10031008,Rnetworkflow,11123650773,5969,158
64,GRFsmooth,10031009,Rnetworkflow,6741270309,5392,161
64,GRFsmooth,10031010,Rnetworkflow,34230177901,9234,162
64,GRFsmooth,10041005,Rnetworkflow,27939477841,4711,157
64,GRFsmooth,10041006,Rnetworkflow,55167501402,7473,161
64,GRFsmooth,10041007,Rnetworkflow,81851289900,6976,160
64,GRFsmooth,10041008,Rnetworkflow,62328000320,5681,155
64,GRFsmooth,10041009,Rnetworkflow,51299902762,10202,160
64,GRFsmooth,10041010,Rnetworkflow,46219612118,6576,160
64,GRFsmooth,10051006,Rnetworkflow,36780410941,6541,158
64,GRFsmooth,10051007,Rnetworkflow,38888729167,9317,159
64,GRFsmooth,10051008,Rnetworkflow,46398140509,7671,160
64,GRFsmooth,10051009,Rnetworkflow,57294776937,9654,159
64,GRFsmooth,10051010,Rnetworkflow,17291631723,4838,163
64,GRFsmooth,10061007,Rnetworkflow,17568973166,11283,159
64,GRFsmooth,10061008,Rnetworkflow,12781102570,6941,160
64,GRFsmooth,10061009,Rnetworkflow,13739422518,7578,162
64,GRFsmooth,10071008,Rnetworkflow,31541733026,9958,160
64,GRFsmooth,10091007,Rnetworkflow,44917860564,9707,157
64,GRFsmooth,10091008,Rnetworkflow,13191435262,5991,162
64,GRFsmooth,10101006,Rnetworkflow,22568096146,6019,158
64,GRFsmooth,10101007,Rnetworkflow,26788949874,9016,161
64,GRFsmooth,10101008,Rnetworkflow,20298193434,11019,157
64,GRFsmooth,10101009,Rnetworkflow,39211381116,8084,156
64,LogGRF,10011002,Rnetworkflow,60444562865,11968,161
64,LogGRF,10011004,Rnetworkflow,127480949762,8571,159
64,LogGRF,10011005,Rnetworkflow,84240436809,9459,157
64,LogGRF,10011006,Rnetworkflow,77803869953,8147,161
64,LogGRF,10011007,Rnetworkflow,30808931834,10392,159
64,LogGRF,10011008,Rnetworkflow,36137376385,8848,159
64,LogGRF,10011009,Rnetworkflow,83911542122,9442,164
64,LogGRF,10011010,Rnetworkflow,73163343695,7657,158
64,LogGRF,10021004,Rnetworkflow,220320450715,9411,159
64,LogGRF,10021005,Rnetworkflow,157515987678,11601,162
64,LogGRF,10021006,Rnetworkflow,119601021310,7166,161
64,LogGRF,10021007,Rnetworkflow,55684226651,7400,158
64,LogGRF,10021008,Rnetworkflow,125450990842,4896,160
64,LogGRF,10021009,Rnetworkflow,58736659995,12463,161
64,LogGRF,10021010,Rnetworkflow,107492101526,6678,157
64,LogGRF,10031001,Rnetworkflow,79111387984,9357,160
64,LogGRF,10031002,Rnetworkflow,86066609519,10087,157
64,LogGRF,10031004,Rnetworkflow,68362963876,6328,159
64,LogGRF,10031005,Rnetworkflow,40780476849,4339,158
64,LogGRF,10031006,Rnetworkflow,11085002307,7189,160
64,LogGRF,10031007,Rnetworkflow,30797181126,6942,157
64,LogGRF,10031008,Rnetworkflow,56862317167,13497,161
64,LogGRF,10031009,Rnetworkflow,31959267346,8774,159
64,LogGRF,10031010,Rnetworkflow,20009665463,7506,161
64,LogGRF,10041005,Rnetworkflow,31966648109,4648,161
64,LogGRF,10041006,Rnetworkflow,37089339211,9467,157
64,LogGRF,10041007,Rnetworkflow,99140064746,8716,160
64,LogGRF,10041008,Rnetworkflow,51427592241,7418,156
64,LogGRF,10041009,Rnetworkflow,101847969264,10417,162
64,LogGRF,10041010,Rnetworkflow,90418398697,4933,164
64,LogGRF,10051006,Rnetworkflow,21088675508,7652,161
64,LogGRF,10051007,Rnetworkflow,63544616435,6982,160
64,LogGRF,10051008,Rnetworkflow,36223722182,3870,165
64,LogGRF,10051009,Rnetworkflow,74703238567,8671,161
64,LogGRF,10051010,Rnetworkflow,35124479310,5243,160
64,LogGRF,10061007,Rnetworkflow,33824349945,9523,160
64,LogGRF,10061008,Rnetworkflow,37083632640,10254,158
64,LogGRF,10061009,Rnetworkflow,43796973909,6471,161
64,LogGRF,10071008,Rnetworkflow,41664225471,6665,158
64,LogGRF,10091007,Rnetworkflow,38580285974,10389,157
64,LogGRF,10091008,Rnetworkflow,92978186293,8052,161
64,LogGRF,10101006,Rnetworkflow,23465997116,5024,158
64,LogGRF,10101007,Rnetworkflow,44980231399,11915,162
64,LogGRF,10101008,Rnetworkflow,47347635696,7151,161
64,LogGRF,10101009,Rnetworkflow,71853105013,9743,162
64,LogitGRF,10011002,Rnetworkflow,10287515484,5695,157
64,LogitGRF,10011004,Rnetworkflow,33189772975,8193,160
64,LogitGRF,10011005,Rnetworkflow,11018603464,9648,162
64,LogitGRF,10011006,Rnetworkflow,12920787428,7089,161
64,LogitGRF,10011007,Rnetworkflow,54357093325,4688,160
64,LogitGRF,10011008,Rnetworkflow,17597040421,10182,157
64,LogitGRF,10011009,Rnetworkflow,17856865429,6369,157
64,LogitGRF,10011010,Rnetworkflow,25251804100,4207,161
64,LogitGRF,10021004,Rnetworkflow,26911845639,8419,160
64,LogitGRF,10021005,Rnetworkflow,16816522996,6404,161
64,LogitGRF,10021006,Rnetworkflow,14331210616,5305,164
64,LogitGRF,10021007,Rnetworkflow,46239536907,8154,165
64,LogitGRF,10021008,Rnetworkflow,20066071555,7711,165
64,LogitGRF,10021009,Rnetworkflow,17825057319,8207,165
64,LogitGRF,10021010,Rnetworkflow,22755955366,6647,159
64,LogitGRF,10031001,Rnetworkflow,30753934080,6819,164
64,LogitGRF,10031002,Rnetworkflow,28727313308,6124,160
64,LogitGRF,10031004,Rnetworkflow,17740000047,4871,160
64,LogitGRF,10031005,Rnetworkflow,28726848860,5980,162
64,LogitGRF,10031006,Rnetworkflow,36175628140,5389,157
64,LogitGRF,10031007,Rnetworkflow,16249810663,7287,157
64,LogitGRF,10031008,Rnetworkflow,35819640431,5630,158
64,LogitGRF,10031009,Rnetworkflow,9819150905,5447,160
64,LogitGRF,10031010,Rnetworkflow,7354437612,4923,160
64,LogitGRF,10041005,Rnetworkflow,23582284579,12932,165
64,LogitGRF,10041006,Rnetworkflow,33853397901,15089,160
64,LogitGRF,10041007,Rnetworkflow,17578911698,7541,160
64,LogitGRF,10041008,Rnetworkflow,19016601376,11408,158
64,LogitGRF,10041009,Rnetworkflow,12278775404,7878,161
64,LogitGRF,10041010,Rnetworkflow,7896713619,7300,161
64,LogitGRF,10051006,Rnetworkflow,12830732014,4822,162
64,LogitGRF,10051007,Rnetworkflow,41770944463,7099,171
64,LogitGRF,10051008,Rnetworkflow,12161073497,6971,165
64,LogitGRF,10051009,Rnetworkflow,16693759641,5739,167
64,LogitGRF,10051010,Rnetworkflow,20153879650,6039,163
64,LogitGRF,10061007,Rnetworkflow,58166758151,5214,159
64,LogitGRF,10061008,Rnetworkflow,18941863295,9392,163
64,LogitGRF,10061009,Rnetworkflow,21645745543,3471,161
64,LogitGRF,10071008,Rnetworkflow,49254929976,8867,161
64,LogitGRF,10091007,Rnetworkflow,21887124490,6605,162
64,LogitGRF,10091008,Rnetworkflow,17046581856,7694,160
64,LogitGRF,10101006,Rnetworkflow,27123586562,12080,164
64,LogitGRF,10101007,Rnetworkflow,13441967993,8348,164
64,LogitGRF,10101008,Rnetworkflow,23515334681,7974,161
64,LogitGRF,10101009,Rnetworkflow,6632591625,7580,164
64,MicroscopyImages,10011002,Rnetworkflow,16482926894,416,61
64,MicroscopyImages,10011004,Rnetworkflow,31511921329,421,62
64,MicroscopyImages,10011005,Rnetworkflow,97755493707,224,38
64,MicroscopyImages,10011006,Rnetworkflow,95581340884,372,54
64,MicroscopyImages,10011007,Rnetworkflow,28895420926,346,54
64,MicroscopyImages,10011008,Rnetworkflow,40684280331,529,68
64,MicroscopyImages,10011009,Rnetworkflow,177274246615,254,42
64,MicroscopyImages,10011010,Rnetworkflow,125153328737,531,68
64,MicroscopyImages,10021004,Rnetworkflow,27812672667,835,82
64,MicroscopyImages,10021005,Rnetworkflow,73135922495,485,85
64,MicroscopyImages,10021006,Rnetworkflow,84288113520,776,95
64,MicroscopyImages,10021007,Rnetworkflow,22699285402,751,76
64,MicroscopyImages,10021008,Rnetworkflow,20371519439,1167,121
64,MicroscopyImages,10021009,Rnetworkflow,142270669177,550,61
64,MicroscopyImages,10021010,Rnetworkflow,99980787659,1168,120
64,MicroscopyImages,10031001,Rnetworkflow,26621280364,212,39
64,MicroscopyImages,10031002,Rnetworkflow,16486784608,409,64
64,MicroscopyImages,10031004,Rnetworkflow,13124200181,430,64
64,MicroscopyImages,10031005,Rnetworkflow,42610208271,239,40
64,MicroscopyImages,10031006,Rnetworkflow,52625070536,409,56
64,MicroscopyImages,10031007,Rnetworkflow,18785515748,356,55
64,MicroscopyImages,10031008,Rnetworkflow,16321606925,542,71
64,MicroscopyImages,10031009,Rnetworkflow,89436557345,279,44
64,MicroscopyImages,10031010,Rnetworkflow,58126264317,546,71
64,MicroscopyImages,10041005,Rnetworkflow,37310469260,488,85
64,MicroscopyImages,10041006,Rnetworkflow,30695978351,782,97
64,MicroscopyImages,10041007,Rnetworkflow,32137075009,754,77
64,MicroscopyImages,10041008,Rnetworkflow,38962932958,1233,119
64,MicroscopyImages,10041009,Rnetworkflow,82911478762,542,60
64,MicroscopyImages,10041010,Rnetworkflow,44801632006,1151,119
64,MicroscopyImages,10051006,Rnetworkflow,20394908933,367,56
64,MicroscopyImages,10051007,Rnetworkflow,71796971349,381,53
64,MicroscopyImages,10051008,Rnetworkflow,63519767222,559,72
64,MicroscopyImages,10051009,Rnetworkflow,40259116424,273,43
64,MicroscopyImages,10051010,Rnetworkflow,23867749568,536,69
64,MicroscopyImages,10061007,Rnetworkflow,83838768646,652,70
64,MicroscopyImages,10061008,Rnetworkflow,88003338767,1069,92
64,MicroscopyImages,10061009,Rnetworkflow,46031340585,494,82
64,MicroscopyImages,10071008,Rnetworkflow,9373947165,880,87
64,MicroscopyImages,10091007,Rnetworkflow,122342886271,470,80
64,MicroscopyImages,10091008,Rnetworkflow,114646308392,704,77
64,MicroscopyImages,10101006,Rnetworkflow,17357642175,927,88
64,MicroscopyImages,10101007,Rnetworkflow,87134939987,1004,87
64,MicroscopyImages,10101008,Rnetworkflow,84206568456,1486,128
64,MicroscopyImages,10101009,Rnetworkflow,13132851844,606,77
64,Shapes,10011002,Rnetworkflow,39485440000,1396,108
64,Shapes,10011004,Rnetworkflow,21846108552,2026,157
64,Shapes,10011005,Rnetworkflow,15615080434,1733,149
64,Shapes,10011006,Rnetworkflow,77692400000,2431,109
64,Shapes,10011007,Rnetworkflow,43361216615,2519,163
64,Shapes,10011008,Rnetworkflow,26623569312,1179,106
64,Shapes,10011009,Rnetworkflow,11839600000,1891,110
64,Shapes,10011010,Rnetworkflow,4192698874,1929,158
64,Shapes,10021004,Rnetworkflow,4992134016,803,81
64,Shapes,10021005,Rnetworkflow,51567712558,723,76
64,Shapes,10021006,Rnetworkflow,61735712000,794,72
64,Shapes,10021007,Rnetworkflow,39407248313,925,85
64,Shapes,10021008,Rnetworkflow,9941900604,466,81
64,Shapes,10021009,Rnetworkflow,46781984000,723,72
64,Shapes,10021010,Rnetworkflow,51778666636,863,80
64,Shapes,10031001,Rnetworkflow,1694000000,4014,111
64,Shapes,10031002,Rnetworkflow,40457664000,691,80
64,Shapes,10031004,Rnetworkflow,22879329786,1036,90
64,Shapes,10031005,Rnetworkflow,16751164068,819,85
64,Shapes,10031006,Rnetworkflow,78673600000,939,45
64,Shapes,10031007,Rnetworkflow,44440401501,1242,95
64,Shapes,10031008,Rnetworkflow,27477075902,544,70
64,Shapes,10031009,Rnetworkflow,12799200000,847,44
64,Shapes,10031010,Rnetworkflow,5395188022,898,90
64,Shapes,10041005,Rnetworkflow,29880414584,949,86
64,Shapes,10041006,Rnetworkflow,57032294190,1244,88
64,Shapes,10041007,Rnetworkflow,30714562273,1326,90
64,Shapes,10041008,Rnetworkflow,5121715666,597,75
64,Shapes,10041009,Rnetworkflow,31029093214,1203,88
64,Shapes,10041010,Rnetworkflow,32511786008,1167,116
64,Shapes,10051006,Rnetworkflow,87463223068,954,82
64,Shapes,10051007,Rnetworkflow,52306678067,1137,116
64,Shapes,10051008,Rnetworkflow,24280105952,540,68
64,Shapes,10051009,Rnetworkflow,27661476718,848,83
64,Shapes,10051010,Rnetworkflow,18842738256,925,88
64,Shapes,10061007,Rnetworkflow,167937934719,1483,95
64,Shapes,10061008,Rnetworkflow,62291445530,693,71
64,Shapes,10061009,Rnetworkflow,85985600000,943,46
64,Shapes,10071008,Rnetworkflow,35350981429,880,82
64,Shapes,10091007,Rnetworkflow,53207349267,1217,95
64,Shapes,10091008,Rnetworkflow,35675236008,571,72
64,Shapes,10101006,Rnetworkflow,88538596160,1157,91
64,Shapes,10101007,Rnetworkflow,52935617529,1294,125
64,Shapes,10101008,Rnetworkflow,37176913080,668,78
64,Shapes,10101009,Rnetworkflow,13352698622,947,92
64,WhiteNoise,10011002,Rnetworkflow,319604347,3920,159
64,WhiteNoise,10011004,Rnetworkflow,366941152,4267,160
64,WhiteNoise,10011005,Rnetworkflow,366592745,3168,157
64,WhiteNoise,10011006,Rnetworkflow,343817331,4134,162
64,WhiteNoise,10011007,Rnetworkflow,545316364,4064,162
64,WhiteNoise,10011008,Rnetworkflow,440818184,4560,160
64,WhiteNoise,10011009,Rnetworkflow,403705254,3878,158
64,WhiteNoise,10011010,Rnetworkflow,413028478,3747,163
64,WhiteNoise,10021004,Rnetworkflow,425225567,4687,159
64,WhiteNoise,10021005,Rnetworkflow,377729882,3592,161
64,WhiteNoise,10021006,Rnetworkflow,319604426,4208,163
64,WhiteNoise,10021007,Rnetworkflow,495691735,4112,160
64,WhiteNoise,10021008,Rnetworkflow,453944929,5383,161
64,WhiteNoise,10021009,Rnetworkflow,456957989,5135,159
64,WhiteNoise,10021010,Rnetworkflow,448651719,3370,162
64,WhiteNoise,10031001,Rnetworkflow,320143335,3860,160
64,WhiteNoise,10031002,Rnetworkflow,386857778,4328,159
64,WhiteNoise,10031004,Rnetworkflow,339103207,4260,158
64,WhiteNoise,10031005,Rnetworkflow,367917114,3945,161
64,WhiteNoise,10031006,Rnetworkflow,394606058,4050,162
64,WhiteNoise,10031007,Rnetworkflow,577195541,5489,159
64,WhiteNoise,10031008,Rnetworkflow,443428975,3916,161
64,WhiteNoise,10031009,Rnetworkflow,397267661,4779,161
64,WhiteNoise,10031010,Rnetworkflow,462520685,3281,162
64,WhiteNoise,10041005,Rnetworkflow,380175567,4247,161
64,WhiteNoise,10041006,Rnetworkflow,367474939,3950,163
64,WhiteNoise,10041007,Rnetworkflow,512204036,3437,160
64,WhiteNoise,10041008,Rnetworkflow,349815104,2991,159
64,WhiteNoise,10041009,Rnetworkflow,320756358,3917,160
64,WhiteNoise,10041010,Rnetworkflow,409098194,3541,164
64,WhiteNoise,10051006,Rnetworkflow,346480252,3316,159
64,WhiteNoise,10051007,Rnetworkflow,410829851,4424,159
64,WhiteNoise,10051008,Rnetworkflow,402320215,3552,163
64,WhiteNoise,10051009,Rnetworkflow,418927239,3466,164
64,WhiteNoise,10051010,Rnetworkflow,335017723,3113,160
64,WhiteNoise,10061007,Rnetworkflow,361884761,3934,156
64,WhiteNoise,10061008,Rnetworkflow,349710159,5058,160
64,WhiteNoise,10061009,Rnetworkflow,359484777,6474,158
64,WhiteNoise,10071008,Rnetworkflow,378069848,4715,170
64,WhiteNoise,10091007,Rnetworkflow,451848482,3783,162
64,WhiteNoise,10091008,Rnetworkflow,337226548,3328,164
64,WhiteNoise,10101006,Rnetworkflow,375211029,3775,161
64,WhiteNoise,10101007,Rnetworkflow,352028108,3391,158
64,WhiteNoise,10101008,Rnetworkflow,353368450,4759,160
64,WhiteNoise,10101009,Rnetworkflow,428767514,3598,160
128,CauchyDensity,10021001,Rnetworkflow,777271120646,161665,2266
128,CauchyDensity,10021003,Rnetworkflow,2436908334629,183021,2301
128,CauchyDensity,10021007,Rnetworkflow,2186082481789,120308,2157
128,CauchyDensity,10021008,Rnetworkflow,1729203736741,159733,2155
128,CauchyDensity,10021010,Rnetworkflow,2621356774390,124981,2342
128,CauchyDensity,10031001,Rnetworkflow,4412375167301,277873,2284
128,CauchyDensity,10041001,Rnetworkflow,3067878353595,199943,2356
128,CauchyDensity,10041002,Rnetworkflow,1788629719137,152200,2294
128,CauchyDensity,10041003,Rnetworkflow,274209840576,194737,2118
128,CauchyDensity,10041005,Rnetworkflow,434983973867,187632,2233
128,CauchyDensity,10041006,Rnetworkflow,341861065654,159025,2427
128,CauchyDensity,10041007,Rnetworkflow,141437306220,190054,2355
128,CauchyDensity,10041008,Rnetworkflow,268810708132,185406,2166
128,CauchyDensity,10041009,Rnetworkflow,265548487190,320805,2469
128,CauchyDensity,10041010,Rnetworkflow,1187416858953,220747,2173
128,CauchyDensity,10051001,Rnetworkflow,2885528036630,201330,2278
128,CauchyDensity,10051002,Rnetworkflow,1719118049312,324791,2314
128,CauchyDensity,10051003,Rnetworkflow,747780542649,299778,2138
128,CauchyDensity,10051007,Rnetworkflow,258142399381,207654,2142
128,CauchyDensity,10051008,Rnetworkflow,130154142595,337225,2152
128,CauchyDensity,10051010,Rnetworkflow,1350577954178,346782,2113
128,CauchyDensity,10061001,Rnetworkflow,4900357948345,317203,2306
128,CauchyDensity,10061002,Rnetworkflow,3220884257339,339095,2158
128,CauchyDensity,10061003,Rnetworkflow,238865336670,280100,2136
128,CauchyDensity,10061005,Rnetworkflow,543221381833,301783,2235
128,CauchyDensity,10061007,Rnetworkflow,130660923826,266951,2180
128,CauchyDensity,10061008,Rnetworkflow,402566487866,126329,2135
128,CauchyDensity,10061010,Rnetworkflow,1295336428247,212473,2133
128,CauchyDensity,10071001,Rnetworkflow,3644588668747,238192,2281
128,CauchyDensity,10071003,Rnetworkflow,241883895060,235232,2180
128,CauchyDensity,10071008,Rnetworkflow,96679172018,233992,2173
128,CauchyDensity,10071010,Rnetworkflow,930075518993,156772,2164
128,CauchyDensity,10081001,Rnetworkflow,2834655483739,203772,2297
128,CauchyDensity,10081003,Rnetworkflow,545722250492,315866,2168
128,CauchyDensity,10081010,Rnetworkflow,743655192177,330410,2138
128,CauchyDensity,10091001,Rnetworkflow,4227189814593,226382,2295
128,CauchyDensity,10091002,Rnetworkflow,3002147922383,246545,2204
128,CauchyDensity,10091003,Rnetworkflow,534019709754,302985,2152
128,CauchyDensity,10091005,Rnetworkflow,409660642213,221004,2148
128,CauchyDensity,10091006,Rnetworkflow,126955964288,175780,2149
128,CauchyDensity,10091007,Rnetworkflow,145596471164,253343,2141
128,CauchyDensity,10091008,Rnetworkflow,309478266524,125551,2165
128,CauchyDensity,10091010,Rnetworkflow,1381354031189,314250,2141
128,CauchyDensity,10101001,Rnetworkflow,3124262173582,332145,2350
128,CauchyDensity,10101003,Rnetworkflow,1281374287445,160747,2144
128,ClassicImages,10021001,Rnetworkflow,157845295987,521305,2321
128,ClassicImages,10021003,Rnetworkflow,89056972964,288602,2303
128,ClassicImages,10021007,Rnetworkflow,37184885785,162393,2310
128,ClassicImages,10021008,Rnetworkflow,50854646209,465914,2581
128,ClassicImages,10021010,Rnetworkflow,99256086008,205124,2316
128,ClassicImages,10031001,Rnetworkflow,188906687813,337029,2385
128,ClassicImages,10041001,Rnetworkflow,101830740511,414130,2316
128,ClassicImages,10041002,Rnetworkflow,35106560232,229385,2349
128,ClassicImages,10041003,Rnetworkflow,66494780538,218088,2294
128,ClassicImages,10041005,Rnetworkflow,46587143650,173266,2343
128,ClassicImages,10041006,Rnetworkflow,85655193319,439383,2293
128,ClassicImages,10041007,Rnetworkflow,89904984455,215755,2311
128,ClassicImages,10041008,Rnetworkflow,41536568813,360426,2308
128,ClassicImages,10041009,Rnetworkflow,282903383977,291705,2329
128,ClassicImages,10041010,Rnetworkflow,158152181612,362897,2287
128,ClassicImages,10051001,Rnetworkflow,131458313953,707537,2506
128,ClassicImages,10051002,Rnetworkflow,33102781582,256834,2322
128,ClassicImages,10051003,Rnetworkflow,77228616554,475698,2381
128,ClassicImages,10051007,Rnetworkflow,41162259853,309655,2370
128,ClassicImages,10051008,Rnetworkflow,74803209217,416910,2374
128,ClassicImages,10051010,Rnetworkflow,158406860066,323564,2588
128,ClassicImages,10061001,Rnetworkflow,291226837612,504236,2314
128,ClassicImages,10061002,Rnetworkflow,41611605969,290592,2324
128,ClassicImages,10061003,Rnetworkflow,118072712957,283127,2341
128,ClassicImages,10061005,Rnetworkflow,69239430791,365990,2297
128,ClassicImages,10061007,Rnetworkflow,58718924256,216432,2297
128,ClassicImages,10061008,Rnetworkflow,84846128876,379731,2295
128,ClassicImages,10061010,Rnetworkflow,114629312053,446967,2305
128,ClassicImages,10071001,Rnetworkflow,215510150348,459352,2319
128,ClassicImages,10071003,Rnetworkflow,130078420765,327243,2339
128,ClassicImages,10071008,Rnetworkflow,84029333630,431172,2465
128,ClassicImages,10071010,Rnetworkflow,123108732721,364888,2402
128,ClassicImages,10081001,Rnetworkflow,149596865512,698038,2397
128,ClassicImages,10081003,Rnetworkflow,88213501885,234250,2426
128,ClassicImages,10081010,Rnetworkflow,120664563601,440892,2335
128,ClassicImages,10091001,Rnetworkflow,427705465706,256501,2347
128,ClassicImages,10091002,Rnetworkflow,207563491975,593808,2355
128,ClassicImages,10091003,Rnetworkflow,315244757111,368293,2335
128,ClassicImages,10091005,Rnetworkflow,177838533037,413057,2319
128,ClassicImages,10091006,Rnetworkflow,203445046784,507083,2317
128,ClassicImages,10091007,Rnetworkflow,169905133770,500889,2368
128,ClassicImages,10091008,Rnetworkflow,360568225912,509818,2312
128,ClassicImages,10091010,Rnetworkflow,438374223205,603279,2414
128,ClassicImages,10101001,Rnetworkflow,334236719497,805781,2327
128,ClassicImages,10101003,Rnetworkflow,209081844476,222145,2364
128,GRFmoderate,10021001,Rnetworkflow,227261231593,398465,2202
128,GRFmoderate,10021003,Rnetworkflow,133534233141,766875,2419
128,GRFmoderate,10021007,Rnetworkflow,153186699005,276548,2169
128,GRFmoderate,10021008,Rnetworkflow,203676644672,529983,3347
128,GRFmoderate,10021010,Rnetworkflow,42897611173,241011,2533
128,GRFmoderate,10031001,Rnetworkflow,236655201496,221794,2158
128,GRFmoderate,10041001,Rnetworkflow,124956086908,247916,2143
128,GRFmoderate,10041002,Rnetworkflow,132241842123,458579,2191
128,GRFmoderate,10041003,Rnetworkflow,81329135664,540185,2152
128,GRFmoderate,10041005,Rnetworkflow,123841259579,250881,2173
128,GRFmoderate,10041006,Rnetworkflow,112295052484,524544,2115
128,GRFmoderate,10041007,Rnetworkflow,76475523440,224424,2131
128,GRFmoderate,10041008,Rnetworkflow,82404146495,171784,2159
128,GRFmoderate,10041009,Rnetworkflow,118028408041,212672,2139
128,GRFmoderate,10041010,Rnetworkflow,73345187892,405751,2157
128,GRFmoderate,10051001,Rnetworkflow,235389262367,400091,2150
128,GRFmoderate,10051002,Rnetworkflow,77025414324,595638,2163
128,GRFmoderate,10051003,Rnetworkflow,89736023581,247834,2213
128,GRFmoderate,10051007,Rnetworkflow,158933623949,320741,2166
128,GRFmoderate,10051008,Rnetworkflow,118903167468,157868,2166
128,GRFmoderate,10051010,Rnetworkflow,93299134715,315312,2152
128,GRFmoderate,10061001,Rnetworkflow,254353547484,263224,2135
128,GRFmoderate,10061002,Rnetworkflow,351812506039,729647,2158
128,GRFmoderate,10061003,Rnetworkflow,124927137328,568516,2157
128,GRFmoderate,10061005,Rnetworkflow,218036410209,605653,2144
128,GRFmoderate,10061007,Rnetworkflow,207750082566,347532,2134
128,GRFmoderate,10061008,Rnetworkflow,91789725221,446268,2145
128,GRFmoderate,10061010,Rnetworkflow,250472830146,572517,2157
128,GRFmoderate,10071001,Rnetworkflow,23249291812,207324,2166
128,GRFmoderate,10071003,Rnetworkflow,158718039936,241758,2152
128,GRFmoderate,10071008,Rnetworkflow,81998782015,288840,2179
128,GRFmoderate,10071010,Rnetworkflow,83852929226,273475,2198
128,GRFmoderate,10081001,Rnetworkflow,122330305589,156200,2163
128,GRFmoderate,10081003,Rnetworkflow,105088551273,300915,2162
128,GRFmoderate,10081010,Rnetworkflow,150187302061,420199,2144
128,GRFmoderate,10091001,Rnetworkflow,173600759911,281199,2125
128,GRFmoderate,10091002,Rnetworkflow,297857194666,683323,2141
128,GRFmoderate,10091003,Rnetworkflow,138512117909,464851,2145
128,GRFmoderate,10091005,Rnetworkflow,170292583254,583042,2189
128,GRFmoderate,10091006,Rnetworkflow,78477549723,428781,2147
128,GRFmoderate,10091007,Rnetworkflow,147333830817,295803,2131
128,GRFmoderate,10091008,Rnetworkflow,42443827434,583481,2133
128,GRFmoderate,10091010,Rnetworkflow,240477075817,544868,2124
128,GRFmoderate,10101001,Rnetworkflow,138331384168,441258,2146
128,GRFmoderate,10101003,Rnetworkflow,104788121592,488790,2149
128,GRFrough,10021001,Rnetworkflow,9143191263,203739,2189
128,GRFrough,10021003,Rnetworkflow,19149369113,129221,2271
128,GRFrough,10021007,Rnetworkflow,24676454665,167374,2321
128,GRFrough,10021008,Rnetworkflow,15339910076,3716544,2090
128,GRFrough,10021010,Rnetworkflow,37909444440,263267,2151
128,GRFrough,10031001,Rnetworkflow,19042037158,316642,2179
128,GRFrough,10041001,Rnetworkflow,24289380331,407656,2208
128,GRFrough,10041002,Rnetworkflow,26469047718,399976,2179
128,GRFrough,10041003,Rnetworkflow,6917272159,273147,2238
128,GRFrough,10041005,Rnetworkflow,7649198073,295506,2442
128,GRFrough,10041006,Rnetworkflow,13037615230,283609,2323
128,GRFrough,10041007,Rnetworkflow,9037931887,270229,2180
128,GRFrough,10041008,Rnetworkflow,26721532710,3271328,2210
128,GRFrough,10041009,Rnetworkflow,17672719542,274198,2177
128,GRFrough,10041010,Rnetworkflow,16504107030,399468,2243
128,GRFrough,10051001,Rnetworkflow,20856189512,333079,2192
128,GRFrough,10051002,Rnetworkflow,23234234853,310518,2245
128,GRFrough,10051003,Rnetworkflow,5645678092,201387,2257
128,GRFrough,10051007,Rnetworkflow,6980133028,250267,2258
128,GRFrough,10051008,Rnetworkflow,21861472957,3806021,2305
128,GRFrough,10051010,Rnetworkflow,17833083329,197366,2244
128,GRFrough,10061001,Rnetworkflow,17609679733,363830,2172
128,GRFrough,10061002,Rnetworkflow,16943205258,321211,2191
128,GRFrough,10061003,Rnetworkflow,7753992989,149396,2165
128,GRFrough,10061005,Rnetworkflow,10677684055,239951,2294
128,GRFrough,10061007,Rnetworkflow,8428076633,149989,2284
128,GRFrough,10061008,Rnetworkflow,15964314078,3025462,2145
128,GRFrough,10061010,Rnetworkflow,17408256958,324116,2167
128,GRFrough,10071001,Rnetworkflow,23667407424,223737,2161
128,GRFrough,10071003,Rnetworkflow,5602119230,223068,2276
128,GRFrough,10071008,Rnetworkflow,14486663407,3710850,2239
128,GRFrough,10071010,Rnetworkflow,21862023743,294282,2177
128,GRFrough,10081001,Rnetworkflow,17666935933,206317,2208
128,GRFrough,10081003,Rnetworkflow,18371575843,204073,2162
128,GRFrough,10081010,Rnetworkflow,38047825990,206655,2157
128,GRFrough,10091001,Rnetworkflow,14410263671,415385,2161
128,GRFrough,10091002,Rnetworkflow,10596394504,370200,2355
128,GRFrough,10091003,Rnetworkflow,11184562127,208206,2276
128,GRFrough,10091005,Rnetworkflow,13255312693,167975,2296
128,GRFrough,10091006,Rnetworkflow,9084316068,214425,2225
128,GRFrough,10091007,Rnetworkflow,14371659969,231443,2301
128,GRFrough,10091008,Rnetworkflow,15559958682,3266596,2177
128,GRFrough,10091010,Rnetworkflow,17810573104,170561,2259
128,GRFrough,10101001,Rnetworkflow,34860644423,477023,2190
128,GRFrough,10101003,Rnetworkflow,16835201851,269028,2178
128,GRFsmooth,10021001,Rnetworkflow,1094571365051,329550,2134
128,GRFsmooth,10021003,Rnetworkflow,580734893046,345115,2159
128,GRFsmooth,10021007,Rnetworkflow,206404701957,368715,2126
128,GRFsmooth,10021008,Rnetworkflow,302316902278,291166,2135
128,GRFsmooth,10021010,Rnetworkflow,99309943026,282437,2148
128,GRFsmooth,10031001,Rnetworkflow,1057558163913,386832,2135
128,GRFsmooth,10041001,Rnetworkflow,1716149552557,261309,2198
128,GRFsmooth,10041002,Rnetworkflow,356963072028,325742,2165
128,GRFsmooth,10041003,Rnetworkflow,1009348929770,334721,2220
128,GRFsmooth,10041005,Rnetworkflow,706763273157,347304,2200
128,GRFsmooth,10041006,Rnetworkflow,791035425126,342578,2203
128,GRFsmooth,10041007,Rnetworkflow,190815149799,420257,2196
128,GRFsmooth,10041008,Rnetworkflow,582404938436,270905,2160
128,GRFsmooth,10041009,Rnetworkflow,755035890013,1185926,2201
128,GRFsmooth,10041010,Rnetworkflow,375542891932,231923,2182
128,GRFsmooth,10051001,Rnetworkflow,722494776334,485777,2145
128,GRFsmooth,10051002,Rnetworkflow,370043098123,587942,2153
128,GRFsmooth,10051003,Rnetworkflow,148607103881,326359,2148
128,GRFsmooth,10051007,Rnetworkflow,308979525816,257022,2161
128,GRFsmooth,10051008,Rnetworkflow,207578480247,343660,2252
128,GRFsmooth,10051010,Rnetworkflow,344552024197,532963,2227
128,GRFsmooth,10061001,Rnetworkflow,2034679263933,244698,2157
128,GRFsmooth,10061002,Rnetworkflow,999251951278,533927,2209
128,GRFsmooth,10061003,Rnetworkflow,462110445798,372898,2153
128,GRFsmooth,10061005,Rnetworkflow,567412273293,144793,2174
128,GRFsmooth,10061007,Rnetworkflow,515698895811,658726,2208
128,GRFsmooth,10061008,Rnetworkflow,927563175144,248260,2123
128,GRFsmooth,10061010,Rnetworkflow,1069453468644,465523,2179
128,GRFsmooth,10071001,Rnetworkflow,1292783189238,363097,2153
128,GRFsmooth,10071003,Rnetworkflow,476713205219,354118,2146
128,GRFsmooth,10071008,Rnetworkflow,346078250145,253896,2141
128,GRFsmooth,10071010,Rnetworkflow,270926887651,176193,2319
128,GRFsmooth,10081001,Rnetworkflow,498915474113,447919,2179
128,GRFsmooth,10081003,Rnetworkflow,434249100554,468019,2122
128,GRFsmooth,10081010,Rnetworkflow,242220338316,341973,2155
128,GRFsmooth,10091001,Rnetworkflow,947212789834,604523,2142
128,GRFsmooth,10091002,Rnetworkflow,373893603803,668693,2139
128,GRFsmooth,10091003,Rnetworkflow,641224567123,373084,2139
128,GRFsmooth,10091005,Rnetworkflow,452193929900,478560,2140
128,GRFsmooth,10091006,Rnetworkflow,1230032486793,300807,2156
128,GRFsmooth,10091007,Rnetworkflow,563084384354,498823,2139
128,GRFsmooth,10091008,Rnetworkflow,229647264307,310468,2128
128,GRFsmooth,10091010,Rnetworkflow,311364856005,511230,2261
128,GRFsmooth,10101001,Rnetworkflow,974406672497,379181,2175
128,GRFsmooth,10101003,Rnetworkflow,672431360072,292426,2140
128,LogGRF,10021001,Rnetworkflow,2751908617042,749831,2146
128,LogGRF,10021003,Rnetworkflow,5685874028202,531838,2189
128,LogGRF,10021007,Rnetworkflow,1913079464286,340572,2262
128,LogGRF,10021008,Rnetworkflow,1856967459262,614230,2156
128,LogGRF,10021010,Rnetworkflow,5883794089381,766204,2139
128,LogGRF,10031001,Rnetworkflow,987535119076,540588,2188
128,LogGRF,10041001,Rnetworkflow,2850696677494,347298,2327
128,LogGRF,10041002,Rnetworkflow,4796032265002,485514,2260
128,LogGRF,10041003,Rnetworkflow,2223595678124,447719,2134
128,LogGRF,10041005,Rnetworkflow,1552390962459,351338,2211
128,LogGRF,10041006,Rnetworkflow,3005925603314,296764,2144
128,LogGRF,10041007,Rnetworkflow,1102669644406,446165,2154
128,LogGRF,10041008,Rnetworkflow,2370604195824,232207,2160
128,LogGRF,10041009,Rnetworkflow,3840998179204,282438,2165
128,LogGRF,10041010,Rnetworkflow,8205136957673,388808,2272
128,LogGRF,10051001,Rnetworkflow,1175720628903,270792,2164
128,LogGRF,10051002,Rnetworkflow,5385919602205,496721,2172
128,LogGRF,10051003,Rnetworkflow,462943895443,452362,2260
128,LogGRF,10051007,Rnetworkflow,1774001632305,447247,2206
128,LogGRF,10051008,Rnetworkflow,1447370410449,449825,2209
128,LogGRF,10051010,Rnetworkflow,4768401120414,662283,2256
128,LogGRF,10061001,Rnetworkflow,478632133878,559139,2305
128,LogGRF,10061002,Rnetworkflow,3628132347230,514457,2201
128,LogGRF,10061003,Rnetworkflow,745192657576,419009,2165
128,LogGRF,10061005,Rnetworkflow,1164288816513,214734,2182
128,LogGRF,10061007,Rnetworkflow,2203595227702,306356,2182
128,LogGRF,10061008,Rnetworkflow,1192888862676,291924,2262
128,LogGRF,10061010,Rnetworkflow,1689821130579,439841,2186
128,LogGRF,10071001,Rnetworkflow,1617025797166,560051,2166
128,LogGRF,10071003,Rnetworkflow,2612049691988,456223,2152
128,LogGRF,10071008,Rnetworkflow,780001179008,438471,2375
128,LogGRF,10071010,Rnetworkflow,6072752152283,677710,2248
128,LogGRF,10081001,Rnetworkflow,450889415988,598127,2164
128,LogGRF,10081003,Rnetworkflow,1894143100488,557856,2179
128,LogGRF,10081010,Rnetworkflow,4182374670341,779646,2248
128,LogGRF,10091001,Rnetworkflow,1031072969272,904243,2181
128,LogGRF,10091002,Rnetworkflow,829202400714,1100841,2163
128,LogGRF,10091003,Rnetworkflow,3079408876288,729758,2154
128,LogGRF,10091005,Rnetworkflow,3013152434899,731609,2175
128,LogGRF,10091006,Rnetworkflow,1600056716678,495082,2398
128,LogGRF,10091007,Rnetworkflow,1245356581372,184577,2205
128,LogGRF,10091008,Rnetworkflow,662454238482,978705,2167
128,LogGRF,10091010,Rnetworkflow,3177687170687,701898,2171
128,LogGRF,10101001,Rnetworkflow,2776809343133,813063,2215
128,LogGRF,10101003,Rnetworkflow,3392128493789,686414,2175
128,LogitGRF,10021001,Rnetworkflow,646692784149,187283,2151
128,LogitGRF,10021003,Rnetworkflow,377916299579,444247,2154
128,LogitGRF,10021007,Rnetworkflow,498595050530,326985,2174
128,LogitGRF,10021008,Rnetworkflow,455445077846,693656,2207
128,LogitGRF,10021010,Rnetworkflow,408594548595,465103,2129
128,LogitGRF,10031001,Rnetworkflow,166651278222,428327,2191
128,LogitGRF,10041001,Rnetworkflow,343140513862,342633,2204
128,LogitGRF,10041002,Rnetworkflow,316950256157,331040,2122
128,LogitGRF,10041003,Rnetworkflow,202630576614,513038,2166
128,LogitGRF,10041005,Rnetworkflow,256899337969,550114,2150
128,LogitGRF,10041006,Rnetworkflow,285728497815,320966,2118
128,LogitGRF,10041007,Rnetworkflow,304812520837,300051,2151
128,LogitGRF,10041008,Rnetworkflow,381740237387,638643,2132
128,LogitGRF,10041009,Rnetworkflow,427741174735,263593,2170
128,LogitGRF,10041010,Rnetworkflow,318636737524,418042,2144
128,LogitGRF,10051001,Rnetworkflow,167128280223,320433,2136
128,LogitGRF,10051002,Rnetworkflow,455874099848,528977,2153
128,LogitGRF,10051003,Rnetworkflow,193428804081,497669,2121
128,LogitGRF,10051007,Rnetworkflow,550133035678,481903,2122
128,LogitGRF,10051008,Rnetworkflow,930708278090,750292,2143
128,LogitGRF,10051010,Rnetworkflow,494207401725,576413,2153
128,LogitGRF,10061001,Rnetworkflow,237850771633,319149,2124
128,LogitGRF,10061002,Rnetworkflow,445889962466,531704,2149
128,LogitGRF,10061003,Rnetworkflow,160070673577,398603,2156
128,LogitGRF,10061005,Rnetworkflow,236462873314,395140,2237
128,LogitGRF,10061007,Rnetworkflow,377682144672,590783,2128
128,LogitGRF,10061008,Rnetworkflow,707318940580,705558,2122
128,LogitGRF,10061010,Rnetworkflow,252932783483,853286,2133
128,LogitGRF,10071001,Rnetworkflow,458636581613,494539,2140
128,LogitGRF,10071003,Rnetworkflow,236505390215,476372,2141
128,LogitGRF,10071008,Rnetworkflow,305916851758,442326,2291
128,LogitGRF,10071010,Rnetworkflow,157249187831,333256,2139
128,LogitGRF,10081001,Rnetworkflow,930486421847,443995,2147
128,LogitGRF,10081003,Rnetworkflow,543477720803,530752,2280
128,LogitGRF,10081010,Rnetworkflow,293994056357,526953,2128
128,LogitGRF,10091001,Rnetworkflow,467608427609,539246,2213
128,LogitGRF,10091002,Rnetworkflow,898616147102,249607,2139
128,LogitGRF,10091003,Rnetworkflow,361494892775,708853,2153
128,LogitGRF,10091005,Rnetworkflow,598846612704,939266,2126
128,LogitGRF,10091006,Rnetworkflow,381430749834,579204,2134
128,LogitGRF,10091007,Rnetworkflow,366207426836,778835,2171
128,LogitGRF,10091008,Rnetworkflow,562956797830,794673,2126
128,LogitGRF,10091010,Rnetworkflow,303211858315,1147793,2130
128,LogitGRF,10101001,Rnetworkflow,501999468484,525361,2179
128,LogitGRF,10101003,Rnetworkflow,220215517724,644726,2231
128,MicroscopyImages,10021001,Rnetworkflow,83773435957,15412,329
128,MicroscopyImages,10021003,Rnetworkflow,410914503012,23595,458
128,MicroscopyImages,10021007,Rnetworkflow,1551430988866,17851,392
128,MicroscopyImages,10021008,Rnetworkflow,1312958507313,35946,473
128,MicroscopyImages,10021010,Rnetworkflow,503067543801,29793,434
128,MicroscopyImages,10031001,Rnetworkflow,378463738169,10654,254
128,MicroscopyImages,10041001,Rnetworkflow,281250936243,20786,364
128,MicroscopyImages,10041002,Rnetworkflow,306025227824,47179,690
128,MicroscopyImages,10041003,Rnetworkflow,38315833128,22957,498
128,MicroscopyImages,10041005,Rnetworkflow,1090217051973,25540,451
128,MicroscopyImages,10041006,Rnetworkflow,793799305521,49882,703
128,MicroscopyImages,10041007,Rnetworkflow,1450098462466,22310,360
128,MicroscopyImages,10041008,Rnetworkflow,1270446903989,42752,463
128,MicroscopyImages,10041009,Rnetworkflow,1260762055258,15700,385
128,MicroscopyImages,10041010,Rnetworkflow,899902977473,38341,489
128,MicroscopyImages,10051001,Rnetworkflow,1120162886700,9031,228
128,MicroscopyImages,10051002,Rnetworkflow,1144312909977,22000,402
128,MicroscopyImages,10051003,Rnetworkflow,1262750197649,12389,261
128,MicroscopyImages,10051007,Rnetworkflow,1534066655511,8285,267
128,MicroscopyImages,10051008,Rnetworkflow,1450485404758,17695,386
128,MicroscopyImages,10051010,Rnetworkflow,1541378769962,17863,362
128,MicroscopyImages,10061001,Rnetworkflow,796771338714,19080,345
128,MicroscopyImages,10061002,Rnetworkflow,793131673653,44880,470
128,MicroscopyImages,10061003,Rnetworkflow,970881727787,24871,462
128,MicroscopyImages,10061005,Rnetworkflow,77823368296,18599,354
128,MicroscopyImages,10061007,Rnetworkflow,1201856875277,18216,411
128,MicroscopyImages,10061008,Rnetworkflow,1103811079698,33518,459
128,MicroscopyImages,10061010,Rnetworkflow,1186573733684,33839,440
128,MicroscopyImages,10071001,Rnetworkflow,1636341974029,8105,256
128,MicroscopyImages,10071003,Rnetworkflow,1567077181260,10652,247
128,MicroscopyImages,10071008,Rnetworkflow,49251612631,13195,362
128,MicroscopyImages,10071010,Rnetworkflow,1757475306099,15611,341
128,MicroscopyImages,10081001,Rnetworkflow,1415673746620,16477,365
128,MicroscopyImages,10081003,Rnetworkflow,1386764985483,20876,410
128,MicroscopyImages,10081010,Rnetworkflow,1482109563330,29818,376
128,MicroscopyImages,10091001,Rnetworkflow,1315762937853,5749,207
128,MicroscopyImages,10091002,Rnetworkflow,928264085734,12476,292
128,MicroscopyImages,10091003,Rnetworkflow,1296841636076,7868,258
128,MicroscopyImages,10091005,Rnetworkflow,2407968601845,6451,200
128,MicroscopyImages,10091006,Rnetworkflow,1993411461761,13993,301
128,MicroscopyImages,10091007,Rnetworkflow,2331489934468,5586,199
128,MicroscopyImages,10091008,Rnetworkflow,2000551814119,11897,267
128,MicroscopyImages,10091010,Rnetworkflow,209203922589,8976,255
128,MicroscopyImages,10101001,Rnetworkflow,814721030364,14232,348
128,MicroscopyImages,10101003,Rnetworkflow,1007114719411,20270,326
128,Shapes,10021001,Rnetworkflow,629800960000,28341,547
128,Shapes,10021003,Rnetworkflow,645056672000,13344,337
128,Shapes,10021007,Rnetworkflow,623917189419,21639,388
128,Shapes,10021008,Rnetworkflow,158669016146,8528,271
128,Shapes,10021010,Rnetworkflow,829222275228,17281,365
128,Shapes,10031001,Rnetworkflow,25018800000,129106,481
128,Shapes,10041001,Rnetworkflow,350031298578,48317,562
128,Shapes,10041002,Rnetworkflow,78688844154,15027,365
128,Shapes,10041003,Rnetworkflow,366232268076,21041,339
128,Shapes,10041005,Rnetworkflow,474593430052,21494,345
128,Shapes,10041006,Rnetworkflow,910633592124,28225,341
128,Shapes,10041007,Rnetworkflow,485057967701,32169,500
128,Shapes,10041008,Rnetworkflow,80461018254,11723,344
128,Shapes,10041009,Rnetworkflow,496981115814,22360,342
128,Shapes,10041010,Rnetworkflow,523834103036,23868,444
128,Shapes,10051001,Rnetworkflow,247290313686,40344,647
128,Shapes,10051002,Rnetworkflow,819433074692,14522,344
128,Shapes,10051003,Rnetworkflow,264988573724,18600,391
128,Shapes,10051007,Rnetworkflow,825153002341,24700,441
128,Shapes,10051008,Rnetworkflow,382785539164,11320,262
128,Shapes,10051010,Rnetworkflow,300253654116,19250,409
128,Shapes,10061001,Rnetworkflow,1241048000000,137261,508
128,Shapes,10061002,Rnetworkflow,985665344000,16658,343
128,Shapes,10061003,Rnetworkflow,1256590800000,17901,229
128,Shapes,10061005,Rnetworkflow,1394651078262,22602,403
128,Shapes,10061007,Rnetworkflow,2671398261727,34069,434
128,Shapes,10061008,Rnetworkflow,994635807750,15572,262
128,Shapes,10061010,Rnetworkflow,1417223021078,22953,396
128,Shapes,10071001,Rnetworkflow,683084977715,63189,1065
128,Shapes,10071003,Rnetworkflow,700042111545,26459,439
128,Shapes,10071008,Rnetworkflow,557623961887,17517,366
128,Shapes,10071010,Rnetworkflow,837941706349,29267,473
128,Shapes,10081001,Rnetworkflow,422030832032,29290,434
128,Shapes,10081003,Rnetworkflow,435547933768,12360,266
128,Shapes,10081010,Rnetworkflow,593319666410,13465,282
128,Shapes,10091001,Rnetworkflow,186952800000,100909,491
128,Shapes,10091002,Rnetworkflow,746230112000,13759,341
128,Shapes,10091003,Rnetworkflow,202881600000,17501,228
128,Shapes,10091005,Rnetworkflow,439171951500,18106,393
128,Shapes,10091006,Rnetworkflow,1373592400000,19564,228
128,Shapes,10091007,Rnetworkflow,839764152669,27468,423
128,Shapes,10091008,Rnetworkflow,563044189044,11269,262
128,Shapes,10091010,Rnetworkflow,211333776054,17025,397
128,Shapes,10101001,Rnetworkflow,66072776558,41751,556
128,Shapes,10101003,Rnetworkflow,85171131206,18012,341
128,WhiteNoise,10021001,Rnetworkflow,1439261920,217053,2167
128,WhiteNoise,10021003,Rnetworkflow,1636843102,182553,2246
128,WhiteNoise,10021007,Rnetworkflow,1840980374,258299,2156
128,WhiteNoise,10021008,Rnetworkflow,2162586380,216579,2164
128,WhiteNoise,10021010,Rnetworkflow,1687473349,231164,2198
128,WhiteNoise,10031001,Rnetworkflow,1519431778,151856,2152
128,WhiteNoise,10041001,Rnetworkflow,1297969386,145782,2161
128,WhiteNoise,10041002,Rnetworkflow,1617048808,203500,2189
128,WhiteNoise,10041003,Rnetworkflow,1694959542,143839,2178
128,WhiteNoise,10041005,Rnetworkflow,1534551820,154142,2168
128,WhiteNoise,10041006,Rnetworkflow,1783281341,117750,2163
128,WhiteNoise,10041007,Rnetworkflow,1432373070,119757,2171
128,WhiteNoise,10041008,Rnetworkflow,1834875334,156961,2162
128,WhiteNoise,10041009,Rnetworkflow,1359239810,125485,2140
128,WhiteNoise,10041010,Rnetworkflow,1422583837,137274,2255
128,WhiteNoise,10051001,Rnetworkflow,1477173654,151734,2164
128,WhiteNoise,10051002,Rnetworkflow,2016976756,180425,2165
128,WhiteNoise,10051003,Rnetworkflow,1643819632,135862,2212
128,WhiteNoise,10051007,Rnetworkflow,1483606856,150730,2156
128,WhiteNoise,10051008,Rnetworkflow,1705401320,158624,2171
128,WhiteNoise,10051010,Rnetworkflow,1534102657,120327,2199
128,WhiteNoise,10061001,Rnetworkflow,1708270377,169200,2179
128,WhiteNoise,10061002,Rnetworkflow,2020156289,182869,2269
128,WhiteNoise,10061003,Rnetworkflow,1355707641,156161,2168
128,WhiteNoise,10061005,Rnetworkflow,1573006101,117815,2258
128,WhiteNoise,10061007,Rnetworkflow,1605965979,154352,2471
128,WhiteNoise,10061008,Rnetworkflow,1701758875,155114,2161
128,WhiteNoise,10061010,Rnetworkflow,1693410540,116218,2256
128,WhiteNoise,10071001,Rnetworkflow,1430800902,157399,2215
128,WhiteNoise,10071003,Rnetworkflow,1559976526,174850,2143
128,WhiteNoise,10071008,Rnetworkflow,1664135972,106239,2173
128,WhiteNoise,10071010,Rnetworkflow,1467342733,186973,2347
128,WhiteNoise,10081001,Rnetworkflow,1906196218,152608,2219
128,WhiteNoise,10081003,Rnetworkflow,1518777492,171692,2212
128,WhiteNoise,10081010,Rnetworkflow,1629477121,122429,2273
128,WhiteNoise,10091001,Rnetworkflow,1350218890,112898,2217
128,WhiteNoise,10091002,Rnetworkflow,1547097590,222700,2168
128,WhiteNoise,10091003,Rnetworkflow,1676560192,167436,2157
128,WhiteNoise,10091005,Rnetworkflow,1427123590,182240,2156
128,WhiteNoise,10091006,Rnetworkflow,1867374587,115318,2180
128,WhiteNoise,10091007,Rnetworkflow,1542281090,134973,2187
128,WhiteNoise,10091008,Rnetworkflow,1744106054,104431,2180
128,WhiteNoise,10091010,Rnetworkflow,1349960859,107964,2215
128,WhiteNoise,10101001,Rnetworkflow,1373468805,129131,2158
128,WhiteNoise,10101003,Rnetworkflow,1562502611,138563,2304
