Alfa parameter,sources,destinations,max t cost,instances,algorithm,alg mode,initial solution,opt time [ms],initial sol [ms],clustering [ms],iteration [ms],multipliers [ms],red costs [ms],base changes [ms],step 1 [ms],step 2 [ms],init sol improvement [%],base changes,iterations
10,1000,1000,1000,1,ts,IIO W/ tree coloring,MMR,46,2,15,29,2,6,21,14,8,1100.00%,7094,116
10,1000,1000,1000,2,ts,IIO W/ tree coloring,MMR,47,2,16,30,2,6,21,14,8,1000.00%,7279,121
10,1000,1000,1000,3,ts,IIO W/ tree coloring,MMR,46,2,15,29,2,6,21,13,7,1000.00%,6871,120
10,1000,1000,1000,4,ts,IIO W/ tree coloring,MMR,46,2,15,29,2,7,20,13,7,900.00%,6869,147
10,1000,1000,1000,5,ts,IIO W/ tree coloring,MMR,49,2,15,32,2,7,22,14,8,800.00%,7294,155
10,1000,1000,1000,6,ts,IIO W/ tree coloring,MMR,44,2,16,26,2,6,19,12,7,800.00%,6396,106
10,1000,1000,1000,7,ts,IIO W/ tree coloring,MMR,47,2,15,30,2,7,21,14,7,700.00%,6944,147
10,1000,1000,1000,8,ts,IIO W/ tree coloring,MMR,49,2,15,32,2,6,23,16,7,800.00%,6869,135
10,1000,1000,1000,9,ts,IIO W/ tree coloring,MMR,45,2,15,28,2,6,20,13,7,900.00%,6593,126
10,1000,1000,1000,10,ts,IIO W/ tree coloring,MMR,46,2,15,29,2,6,20,13,7,900.00%,6825,136
10,2000,2000,2000,1,ts,IIO W/ tree coloring,MMR,177,6,64,107,7,21,79,56,23,1800.00%,16528,179
10,2000,2000,2000,2,ts,IIO W/ tree coloring,MMR,176,6,64,106,8,23,75,52,23,2000.00%,16897,220
10,2000,2000,2000,3,ts,IIO W/ tree coloring,MMR,178,6,67,105,7,22,76,52,23,2000.00%,16979,212
10,2000,2000,2000,4,ts,IIO W/ tree coloring,MMR,173,6,66,101,7,21,72,50,22,1700.00%,16135,193
10,2000,2000,2000,5,ts,IIO W/ tree coloring,MMR,171,6,65,100,7,21,71,49,22,1600.00%,16072,207
10,2000,2000,2000,6,ts,IIO W/ tree coloring,MMR,172,6,64,102,7,21,74,51,22,1900.00%,16647,194
10,2000,2000,2000,7,ts,IIO W/ tree coloring,MMR,173,6,65,103,7,21,74,51,23,1800.00%,16799,201
10,2000,2000,2000,8,ts,IIO W/ tree coloring,MMR,176,6,65,106,8,22,76,52,23,1800.00%,17435,215
10,2000,2000,2000,9,ts,IIO W/ tree coloring,MMR,175,6,65,105,7,22,75,52,23,1900.00%,16767,196
10,2000,2000,2000,10,ts,IIO W/ tree coloring,MMR,174,6,65,104,8,22,73,51,22,1800.00%,16837,222
10,4000,4000,4000,1,ts,IIO W/ tree coloring,MMR,692,22,281,381,26,76,278,205,73,3700.00%,39490,307
10,4000,4000,4000,2,ts,IIO W/ tree coloring,MMR,683,22,280,381,26,75,280,206,73,3800.00%,39447,303
10,4000,4000,4000,3,ts,IIO W/ tree coloring,MMR,711,23,282,406,29,83,293,214,79,3700.00%,40986,343
10,4000,4000,4000,4,ts,IIO W/ tree coloring,MMR,702,22,279,400,30,82,288,212,76,3600.00%,40627,361
10,4000,4000,4000,5,ts,IIO W/ tree coloring,MMR,696,22,280,394,29,79,286,213,73,3700.00%,40261,356
10,4000,4000,4000,6,ts,IIO W/ tree coloring,MMR,702,22,280,400,29,80,290,214,76,3700.00%,40286,348
10,4000,4000,4000,7,ts,IIO W/ tree coloring,MMR,696,23,283,390,27,77,286,212,73,3500.00%,38293,312
10,4000,4000,4000,8,ts,IIO W/ tree coloring,MMR,699,22,279,397,26,77,293,214,78,3800.00%,40908,315
10,4000,4000,4000,9,ts,IIO W/ tree coloring,MMR,691,22,279,390,26,75,288,213,75,3400.00%,39878,300
10,4000,4000,4000,10,ts,IIO W/ tree coloring,MMR,716,23,287,398,29,81,288,213,75,3500.00%,39854,337
10,6000,6000,6000,1,ts,IIO W/ tree coloring,MMR,1800,52,823,925,69,186,669,502,167,5100.00%,66330,483
10,4000,9000,6000,1,ts,IIO W/ tree coloring,MMR,1772,51,817,903,58,206,638,486,152,4596.07%,66339,428
10,3000,12000,6000,1,ts,IIO W/ tree coloring,MMR,2080,54,892,1133,80,322,730,569,161,3683.39%,72522,523
10,2000,18000,6000,1,ts,IIO W/ tree coloring,MMR,2367,56,897,1413,106,343,963,798,164,2544.47%,84582,503
10,1000,36000,6000,1,ts,IIO W/ tree coloring,MMR,4126,61,926,3137,373,963,1800,1619,180,1130.44%,108103,690
10,6000,6000,6000,2,ts,IIO W/ tree coloring,MMR,1842,52,829,960,74,192,693,521,172,5400.00%,68307,511
10,4000,9000,6000,2,ts,IIO W/ tree coloring,MMR,1872,52,835,984,71,228,684,522,161,4834.16%,67285,517
10,3000,12000,6000,2,ts,IIO W/ tree coloring,MMR,2018,54,894,1069,75,263,729,568,161,4003.17%,72842,489
10,2000,18000,6000,2,ts,IIO W/ tree coloring,MMR,2391,56,902,1433,107,400,924,765,159,2583.61%,81812,516
10,1000,36000,6000,2,ts,IIO W/ tree coloring,MMR,4019,59,912,3047,363,908,1774,1601,173,1200.14%,106299,729
10,6000,6000,6000,3,ts,IIO W/ tree coloring,MMR,1785,52,825,907,66,179,660,495,165,5600.00%,65756,459
10,4000,9000,6000,3,ts,IIO W/ tree coloring,MMR,1789,49,803,937,62,212,662,502,159,5127.83%,71086,461
10,3000,12000,6000,3,ts,IIO W/ tree coloring,MMR,2051,54,889,1107,88,284,735,572,162,3955.15%,73666,578
10,2000,18000,6000,3,ts,IIO W/ tree coloring,MMR,2529,55,896,1577,116,525,935,774,160,2562.19%,81958,554
10,1000,36000,6000,3,ts,IIO W/ tree coloring,MMR,4246,58,924,3263,399,1055,1808,1627,180,1128.07%,108734,707
10,6000,6000,6000,4,ts,IIO W/ tree coloring,MMR,1841,52,821,967,74,192,701,526,175,5400.00%,68274,498
10,4000,9000,6000,4,ts,IIO W/ tree coloring,MMR,1742,49,795,898,63,210,625,475,149,4621.77%,67814,486
10,3000,12000,6000,4,ts,IIO W/ tree coloring,MMR,2038,55,891,1090,90,265,734,568,166,3778.14%,74550,475
10,2000,18000,6000,4,ts,IIO W/ tree coloring,MMR,2354,56,897,1401,103,348,949,787,162,2581.47%,83837,515
10,1000,36000,6000,4,ts,IIO W/ tree coloring,MMR,3977,61,919,2996,326,809,1859,1678,180,1148.00%,108298,614
10,6000,6000,6000,5,ts,IIO W/ tree coloring,MMR,1801,52,820,928,66,183,678,508,169,5500.00%,67475,449
10,4000,9000,6000,5,ts,IIO W/ tree coloring,MMR,1782,51,798,933,61,211,660,502,159,5078.08%,69917,451
10,3000,12000,6000,5,ts,IIO W/ tree coloring,MMR,2029,53,889,1086,76,266,742,580,162,3660.44%,73394,495
10,2000,18000,6000,5,ts,IIO W/ tree coloring,MMR,2361,55,898,1407,110,351,945,787,158,2615.18%,81060,542
10,1000,36000,6000,5,ts,IIO W/ tree coloring,MMR,3688,61,918,2708,294,675,1737,1556,180,1214.14%,109797,551
10,6000,6000,6000,6,ts,IIO W/ tree coloring,MMR,1819,52,824,942,73,193,675,505,169,5500.00%,67945,502
10,4000,9000,6000,6,ts,IIO W/ tree coloring,MMR,1790,50,805,935,65,217,653,498,155,4857.07%,67985,493
10,3000,12000,6000,6,ts,IIO W/ tree coloring,MMR,2051,55,892,1104,71,312,720,558,161,3853.16%,72074,459
10,2000,18000,6000,6,ts,IIO W/ tree coloring,MMR,2392,55,902,1434,104,403,926,765,161,2604.37%,84450,505
10,1000,36000,6000,6,ts,IIO W/ tree coloring,MMR,3990,59,906,3024,333,914,1776,1594,182,1166.45%,107883,604
10,6000,6000,6000,7,ts,IIO W/ tree coloring,MMR,1820,53,823,943,69,185,688,518,170,5300.00%,67988,470
10,4000,9000,6000,7,ts,IIO W/ tree coloring,MMR,2072,76,1002,994,63,219,712,532,180,4858.36%,68029,415
10,3000,12000,6000,7,ts,IIO W/ tree coloring,MMR,2001,54,896,1051,73,260,717,556,161,3866.72%,73192,471
10,2000,18000,6000,7,ts,IIO W/ tree coloring,MMR,2373,56,895,1421,113,355,952,791,161,2636.70%,81896,549
10,1000,36000,6000,7,ts,IIO W/ tree coloring,MMR,3902,60,919,2922,360,775,1787,1604,183,1169.56%,108977,617
10,6000,6000,6000,8,ts,IIO W/ tree coloring,MMR,1821,56,818,947,59,219,668,500,168,5200.00%,66284,403
10,4000,9000,6000,8,ts,IIO W/ tree coloring,MMR,1817,55,817,945,73,211,660,503,157,4857.02%,68518,426
10,3000,12000,6000,8,ts,IIO W/ tree coloring,MMR,2018,55,896,1067,76,265,725,565,161,3843.30%,72168,486
10,2000,18000,6000,8,ts,IIO W/ tree coloring,MMR,2440,56,898,1486,109,461,914,754,160,2556.93%,82236,532
10,1000,36000,6000,8,ts,IIO W/ tree coloring,MMR,4008,59,911,3037,325,969,1742,1566,176,1193.26%,108543,623
10,6000,6000,6000,9,ts,IIO W/ tree coloring,MMR,1806,53,819,933,67,180,685,512,172,5600.00%,67274,447
10,4000,9000,6000,9,ts,IIO W/ tree coloring,MMR,1828,51,830,946,63,220,662,505,157,4699.68%,68827,465
10,3000,12000,6000,9,ts,IIO W/ tree coloring,MMR,2056,55,893,1108,80,276,751,585,166,3807.81%,73901,520
10,2000,18000,6000,9,ts,IIO W/ tree coloring,MMR,2369,56,899,1413,109,344,959,798,161,2647.11%,83402,520
10,1000,36000,6000,9,ts,IIO W/ tree coloring,MMR,4029,61,925,3041,355,875,1811,1626,184,1198.42%,109454,601
10,6000,6000,6000,10,ts,IIO W/ tree coloring,MMR,1786,53,827,906,67,181,658,497,160,5400.00%,64425,462
10,4000,9000,6000,10,ts,IIO W/ tree coloring,MMR,1935,49,843,1042,71,311,659,504,154,4691.19%,69201,540
10,3000,12000,6000,10,ts,IIO W/ tree coloring,MMR,2177,55,896,1226,83,390,752,586,165,3986.05%,74986,533
10,2000,18000,6000,10,ts,IIO W/ tree coloring,MMR,2376,56,900,1418,111,352,954,788,165,2418.33%,83363,528
10,1000,36000,6000,10,ts,IIO W/ tree coloring,MMR,3742,59,916,2766,345,698,1721,1545,176,1102.35%,107049,623
10,8000,8000,8000,1,ts,IIO W/ tree coloring,MMR,2920,96,1214,1609,126,317,1165,887,278,7000.00%,95153,589
10,8000,8000,8000,2,ts,IIO W/ tree coloring,MMR,2934,92,1223,1618,130,316,1172,892,279,7000.00%,94864,579
10,8000,8000,8000,3,ts,IIO W/ tree coloring,MMR,2957,93,1223,1628,129,319,1178,896,282,7100.00%,93991,600
10,8000,8000,8000,4,ts,IIO W/ tree coloring,MMR,2922,93,1214,1615,124,314,1176,894,282,7100.00%,95670,551
10,8000,8000,8000,5,ts,IIO W/ tree coloring,MMR,2903,92,1219,1591,116,305,1169,890,279,7300.00%,95147,524
10,8000,8000,8000,6,ts,IIO W/ tree coloring,MMR,2937,91,1217,1616,130,319,1167,890,276,7300.00%,94705,602
10,8000,8000,8000,7,ts,IIO W/ tree coloring,MMR,2891,92,1216,1582,123,309,1149,876,273,6700.00%,94028,544
10,8000,8000,8000,8,ts,IIO W/ tree coloring,MMR,2885,92,1217,1575,119,306,1148,875,273,7200.00%,92968,522
10,8000,8000,8000,9,ts,IIO W/ tree coloring,MMR,2903,94,1222,1586,123,309,1153,878,275,6900.00%,93441,581
10,8000,8000,8000,10,ts,IIO W/ tree coloring,MMR,2867,92,1218,1556,111,307,1137,865,272,6900.00%,93685,492
10,10000,10000,10000,1,ts,IIO W/ tree coloring,MMR,4445,138,1895,2411,203,447,1760,1359,401,9000.00%,127138,648
10,10000,10000,10000,2,ts,IIO W/ tree coloring,MMR,4417,136,1873,2407,202,446,1757,1356,401,9100.00%,127226,645
10,10000,10000,10000,3,ts,IIO W/ tree coloring,MMR,4428,136,1866,2425,220,466,1737,1342,394,8800.00%,126556,760
10,10000,10000,10000,4,ts,IIO W/ tree coloring,MMR,4339,133,1841,2364,225,456,1682,1305,376,8600.00%,124851,748
10,10000,10000,10000,5,ts,IIO W/ tree coloring,MMR,4352,136,1867,2349,200,447,1701,1316,384,8900.00%,124565,662
10,10000,10000,10000,6,ts,IIO W/ tree coloring,MMR,4279,133,1854,2291,206,437,1647,1276,371,8600.00%,122452,682
10,10000,10000,10000,7,ts,IIO W/ tree coloring,MMR,4437,139,1893,2404,203,457,1742,1350,391,8600.00%,124087,684
10,10000,10000,10000,8,ts,IIO W/ tree coloring,MMR,4263,136,1869,2257,179,422,1655,1281,373,8700.00%,122616,576
10,10000,10000,10000,9,ts,IIO W/ tree coloring,MMR,4362,136,1872,2353,203,443,1705,1320,385,9000.00%,124455,654
10,10000,10000,10000,10,ts,IIO W/ tree coloring,MMR,4275,133,1853,2288,192,431,1663,1290,373,8700.00%,123403,661
10,12000,12000,12000,1,ts,IIO W/ tree coloring,MMR,6502,193,2976,3331,306,621,2403,1878,525,10500.00%,155788,733
10,12000,12000,12000,2,ts,IIO W/ tree coloring,MMR,6601,191,2949,3459,366,665,2426,1907,518,10400.00%,156407,937
10,12000,12000,12000,3,ts,IIO W/ tree coloring,MMR,6500,197,3007,3294,290,603,2400,1878,522,10500.00%,153002,678
10,12000,12000,12000,4,ts,IIO W/ tree coloring,MMR,6602,198,3011,3391,320,636,2433,1905,527,10900.00%,154147,781
10,12000,12000,12000,5,ts,IIO W/ tree coloring,MMR,6549,191,2945,3411,362,665,2383,1868,514,11000.00%,157417,907
10,12000,12000,12000,6,ts,IIO W/ tree coloring,MMR,6674,199,3021,3453,309,632,2511,1966,544,10600.00%,156920,738
10,12000,12000,12000,7,ts,IIO W/ tree coloring,MMR,6570,194,2967,3408,329,638,2439,1912,527,10400.00%,156306,798
10,12000,12000,12000,8,ts,IIO W/ tree coloring,MMR,6535,198,3015,3321,286,608,2425,1889,536,10500.00%,157075,685
10,12000,12000,12000,9,ts,IIO W/ tree coloring,MMR,6654,199,3024,3429,305,612,2511,1964,547,11200.00%,158822,683
Ã¹,12000,12000,12000,10,ts,IIO W/ tree coloring,MMR,6524,197,2972,3353,321,629,2401,1879,521,10800.00%,155058,786
10,16000,16000,16000,1,ts,IIO W/ tree coloring,MMR,15491,1339,5598,8544,673,1124,6746,5860,885,14300.00%,223621,950
10,16000,16000,16000,2,ts,IIO W/ tree coloring,MMR,15377,1374,5601,8393,582,1058,6751,5879,871,14900.00%,222350,788
10,16000,16000,16000,3,ts,IIO W/ tree coloring,MMR,15404,1293,5609,8497,701,1141,6653,5776,877,13700.00%,222124,1054
10,16000,16000,16000,4,ts,IIO W/ tree coloring,MMR,15274,1359,5563,8344,587,1062,6694,5821,872,14300.00%,223585,805
10,16000,16000,16000,5,ts,IIO W/ tree coloring,MMR,15645,1372,5601,8663,682,1147,6833,5944,887,14100.00%,222360,979
10,16000,16000,16000,6,ts,IIO W/ tree coloring,MMR,15555,1380,5693,8476,630,1077,6767,5891,875,14300.00%,220107,888
10,16000,16000,16000,7,ts,IIO W/ tree coloring,MMR,16539,1495,5639,9400,707,1483,7208,6322,885,14100.00%,223973,1035
10,16000,16000,16000,8,ts,IIO W/ tree coloring,MMR,15523,1332,5578,8604,681,1126,6795,5904,891,14800.00%,226893,943
10,16000,16000,16000,9,ts,IIO W/ tree coloring,MMR,16991,1795,5698,9493,682,1118,7691,6802,888,14600.00%,225176,975
10,16000,16000,16000,10,ts,IIO W/ tree coloring,MMR,15797,1399,5565,8829,705,1159,6963,6069,894,14500.00%,225240,1044
10,1000,1000,1000,1,ts,IIO W/ tree coloring,NWC,78,3,17,57,3,11,44,27,17,17800.00%,16698,164
10,1000,1000,1000,2,ts,IIO W/ tree coloring,NWC,78,3,17,58,2,10,44,28,17,17900.00%,16975,156
10,1000,1000,1000,3,ts,IIO W/ tree coloring,NWC,78,3,17,58,3,11,45,28,17,17800.00%,16691,173
10,1000,1000,1000,4,ts,IIO W/ tree coloring,NWC,78,3,17,58,3,10,45,28,17,17900.00%,17028,168
10,1000,1000,1000,5,ts,IIO W/ tree coloring,NWC,77,3,17,57,3,10,43,27,17,17900.00%,16691,173
10,1000,1000,1000,6,ts,IIO W/ tree coloring,NWC,76,3,17,56,2,10,44,27,16,18100.00%,16264,147
10,1000,1000,1000,7,ts,IIO W/ tree coloring,NWC,83,3,17,63,3,11,49,32,17,17600.00%,16414,186
10,1000,1000,1000,8,ts,IIO W/ tree coloring,NWC,80,3,16,60,3,11,46,28,17,17900.00%,16795,173
10,1000,1000,1000,9,ts,IIO W/ tree coloring,NWC,77,3,17,57,3,10,44,27,17,18100.00%,16579,174
10,1000,1000,1000,10,ts,IIO W/ tree coloring,NWC,77,3,17,57,3,11,43,27,16,18100.00%,16562,183
10,2000,2000,2000,1,ts,IIO W/ tree coloring,NWC,270,10,71,189,9,34,145,96,49,36400.00%,38734,242
10,2000,2000,2000,2,ts,IIO W/ tree coloring,NWC,278,10,71,196,10,35,150,100,50,37400.00%,39157,280
10,2000,2000,2000,3,ts,IIO W/ tree coloring,NWC,274,10,70,194,10,36,147,98,49,36100.00%,38771,270
10,2000,2000,2000,4,ts,IIO W/ tree coloring,NWC,289,10,70,209,11,35,162,111,51,36100.00%,38744,270
10,2000,2000,2000,5,ts,IIO W/ tree coloring,NWC,271,10,71,190,10,39,140,93,47,36900.00%,38332,298
10,2000,2000,2000,6,ts,IIO W/ tree coloring,NWC,278,10,70,197,10,36,151,100,50,35200.00%,39356,261
10,2000,2000,2000,7,ts,IIO W/ tree coloring,NWC,264,10,71,183,9,33,140,93,47,34600.00%,38123,249
10,2000,2000,2000,8,ts,IIO W/ tree coloring,NWC,278,10,70,198,11,36,151,101,50,36000.00%,39114,264
10,2000,2000,2000,9,ts,IIO W/ tree coloring,NWC,275,10,70,195,10,35,149,99,50,35600.00%,39293,258
10,2000,2000,2000,10,ts,IIO W/ tree coloring,NWC,275,10,70,194,10,36,148,98,49,35900.00%,38824,263
10,4000,4000,4000,1,ts,IIO W/ tree coloring,NWC,1024,39,310,673,35,119,519,364,155,72800.00%,89644,413
10,4000,4000,4000,2,ts,IIO W/ tree coloring,NWC,1031,39,305,686,36,120,529,373,156,72500.00%,89460,422
10,4000,4000,4000,3,ts,IIO W/ tree coloring,NWC,1053,39,307,706,37,123,545,387,158,71500.00%,90088,456
10,4000,4000,4000,4,ts,IIO W/ tree coloring,NWC,1042,39,307,695,37,126,531,373,158,70700.00%,89909,439
10,4000,4000,4000,5,ts,IIO W/ tree coloring,NWC,1037,39,307,691,38,124,528,370,158,71900.00%,89608,443
10,4000,4000,4000,6,ts,IIO W/ tree coloring,NWC,1008,39,307,662,36,119,507,355,152,72200.00%,88526,435
10,4000,4000,4000,7,ts,IIO W/ tree coloring,NWC,1007,42,307,657,34,116,506,354,153,71300.00%,87935,410
10,4000,4000,4000,8,ts,IIO W/ tree coloring,NWC,1030,40,308,681,34,120,526,369,157,70700.00%,88531,392
10,4000,4000,4000,9,ts,IIO W/ tree coloring,NWC,1026,39,308,678,34,120,523,365,158,71200.00%,87203,395
10,4000,4000,4000,10,ts,IIO W/ tree coloring,NWC,1038,39,307,691,37,124,530,371,158,69500.00%,90190,426
10,6000,6000,6000,1,ts,IIO W/ tree coloring,NWC,2436,84,838,1513,86,261,1164,840,324,107800.00%,144507,583
10,4000,9000,6000,1,ts,IIO W/ tree coloring,NWC,2691,87,883,1720,90,359,1269,919,350,101356.36%,155234,597
10,3000,12000,6000,1,ts,IIO W/ tree coloring,NWC,2930,88,893,1949,107,478,1363,1009,353,86547.54%,171944,632
10,2000,18000,6000,1,ts,IIO W/ tree coloring,NWC,3676,96,916,2663,186,623,1853,1463,389,66451.82%,212390,701
10,1000,36000,6000,1,ts,IIO W/ tree coloring,NWC,6272,110,927,5233,456,1433,3342,2905,436,37645.59%,304962,839
10,6000,6000,6000,2,ts,IIO W/ tree coloring,NWC,2451,84,833,1533,94,277,1162,834,327,104800.00%,146563,649
10,4000,9000,6000,2,ts,IIO W/ tree coloring,NWC,2723,87,892,1743,92,360,1291,939,351,101274.86%,155354,609
10,3000,12000,6000,2,ts,IIO W/ tree coloring,NWC,2979,87,891,2001,109,432,1458,1097,361,87366.72%,174541,643
10,2000,18000,6000,2,ts,IIO W/ tree coloring,NWC,3680,95,901,2683,171,657,1854,1472,382,67534.17%,209571,693
10,1000,36000,6000,2,ts,IIO W/ tree coloring,NWC,6402,109,931,5361,491,1465,3402,2946,456,37925.42%,305468,882
10,6000,6000,6000,3,ts,IIO W/ tree coloring,NWC,2394,84,830,1479,83,256,1139,819,320,107300.00%,144076,578
10,4000,9000,6000,3,ts,IIO W/ tree coloring,NWC,2738,87,889,1761,95,365,1300,945,355,100275.98%,155350,623
10,3000,12000,6000,3,ts,IIO W/ tree coloring,NWC,2930,88,889,1952,120,451,1380,1022,358,87221.67%,172975,740
10,2000,18000,6000,3,ts,IIO W/ tree coloring,NWC,3862,93,907,2862,194,797,1870,1480,389,66228.53%,210842,753
10,1000,36000,6000,3,ts,IIO W/ tree coloring,NWC,6627,112,921,5593,516,1625,3451,3001,449,37616.94%,304789,927
10,6000,6000,6000,4,ts,IIO W/ tree coloring,NWC,2444,84,841,1518,89,267,1161,837,323,108600.00%,144337,621
10,4000,9000,6000,4,ts,IIO W/ tree coloring,NWC,2647,86,876,1685,87,348,1248,905,343,101550.56%,154577,589
10,3000,12000,6000,4,ts,IIO W/ tree coloring,NWC,2875,86,891,1897,104,418,1374,1019,354,88629.36%,171547,625
10,2000,18000,6000,4,ts,IIO W/ tree coloring,NWC,3562,95,909,2556,162,591,1802,1423,379,66597.26%,210406,648
10,1000,36000,6000,4,ts,IIO W/ tree coloring,NWC,6732,113,952,5666,529,1532,3604,3118,485,37347.20%,304333,874
10,6000,6000,6000,5,ts,IIO W/ tree coloring,NWC,2599,92,910,1596,83,273,1239,890,349,108100.00%,145890,526
10,4000,9000,6000,5,ts,IIO W/ tree coloring,NWC,2623,86,877,1659,85,341,1233,896,336,100017.07%,152278,553
10,3000,12000,6000,5,ts,IIO W/ tree coloring,NWC,2903,89,894,1920,107,428,1383,1027,356,86093.39%,172671,638
10,2000,18000,6000,5,ts,IIO W/ tree coloring,NWC,3622,93,904,2605,168,600,1837,1453,383,66803.20%,209844,689
10,1000,36000,6000,5,ts,IIO W/ tree coloring,NWC,6173,112,927,5133,449,1320,3364,2916,447,37271.78%,306722,760
10,6000,6000,6000,6,ts,IIO W/ tree coloring,NWC,2606,92,900,1614,100,292,1221,875,345,108600.00%,145903,653
10,4000,9000,6000,6,ts,IIO W/ tree coloring,NWC,2699,86,882,1713,91,353,1267,921,346,101919.67%,154446,613
10,3000,12000,6000,6,ts,IIO W/ tree coloring,NWC,2922,88,894,1939,106,480,1352,1000,352,87457.79%,172191,617
10,2000,18000,6000,6,ts,IIO W/ tree coloring,NWC,3630,92,903,2633,160,644,1828,1449,379,67031.00%,209669,642
10,1000,36000,6000,6,ts,IIO W/ tree coloring,NWC,6469,111,933,5424,452,1552,3419,2967,451,37741.77%,301754,776
10,6000,6000,6000,7,ts,IIO W/ tree coloring,NWC,2439,84,838,1516,87,265,1163,836,327,107800.00%,145652,589
10,4000,9000,6000,7,ts,IIO W/ tree coloring,NWC,2694,88,893,1713,85,351,1277,925,351,100962.47%,154472,552
10,3000,12000,6000,7,ts,IIO W/ tree coloring,NWC,2901,88,889,1923,110,434,1377,1022,355,86577.25%,173456,655
10,2000,18000,6000,7,ts,IIO W/ tree coloring,NWC,3649,93,901,2652,179,624,1848,1457,390,66974.20%,208943,714
10,1000,36000,6000,7,ts,IIO W/ tree coloring,NWC,6210,116,931,5161,443,1338,3378,2933,445,37251.32%,306366,815
10,6000,6000,6000,8,ts,IIO W/ tree coloring,NWC,2440,84,835,1520,78,300,1142,821,320,105900.00%,145237,529
10,4000,9000,6000,8,ts,IIO W/ tree coloring,NWC,2704,87,894,1704,84,351,1268,918,350,99323.35%,153863,549
10,3000,12000,6000,8,ts,IIO W/ tree coloring,NWC,2884,88,892,1903,108,430,1364,1010,354,87251.76%,171299,638
10,2000,18000,6000,8,ts,IIO W/ tree coloring,NWC,3702,92,898,2710,176,710,1823,1444,378,66651.26%,208643,673
10,1000,36000,6000,8,ts,IIO W/ tree coloring,NWC,6430,109,935,5385,472,1503,3409,2956,452,37501.21%,305148,806
10,6000,6000,6000,9,ts,IIO W/ tree coloring,NWC,2389,84,832,1473,83,257,1132,811,321,107900.00%,143717,566
10,4000,9000,6000,9,ts,IIO W/ tree coloring,NWC,2725,88,892,1744,90,360,1293,939,354,98553.64%,156676,598
10,3000,12000,6000,9,ts,IIO W/ tree coloring,NWC,2891,88,886,1917,111,429,1376,1021,354,85803.77%,173344,669
10,2000,18000,6000,9,ts,IIO W/ tree coloring,NWC,3615,96,918,2600,173,615,1811,1431,380,66931.30%,211561,701
10,1000,36000,6000,9,ts,IIO W/ tree coloring,NWC,6547,120,949,5477,490,1542,3443,2985,457,37645.87%,304909,827
10,6000,6000,6000,10,ts,IIO W/ tree coloring,NWC,2385,85,834,1466,90,264,1111,797,314,108500.00%,145714,610
10,4000,9000,6000,10,ts,IIO W/ tree coloring,NWC,2741,86,881,1774,95,410,1268,923,345,100389.52%,153971,625
10,3000,12000,6000,10,ts,IIO W/ tree coloring,NWC,3013,90,894,2029,110,537,1380,1023,357,87388.74%,172608,632
10,2000,18000,6000,10,ts,IIO W/ tree coloring,NWC,3577,93,893,2591,168,590,1832,1450,381,66038.26%,208974,673
10,1000,36000,6000,10,ts,IIO W/ tree coloring,NWC,6192,118,946,5127,452,1302,3372,2923,448,37502.19%,305436,831
10,8000,8000,8000,1,ts,IIO W/ tree coloring,NWC,4174,162,1301,2710,180,477,2051,1494,556,142700.00%,204392,764
10,8000,8000,8000,2,ts,IIO W/ tree coloring,NWC,4199,162,1308,2728,176,469,2082,1523,558,144200.00%,204646,725
10,8000,8000,8000,3,ts,IIO W/ tree coloring,NWC,4178,162,1307,2709,170,468,2069,1511,558,143200.00%,203869,711
10,8000,8000,8000,4,ts,IIO W/ tree coloring,NWC,4187,161,1311,2715,182,478,2054,1498,555,140300.00%,206214,747
10,8000,8000,8000,5,ts,IIO W/ tree coloring,NWC,4161,162,1304,2693,163,459,2071,1512,558,144100.00%,203826,661
10,8000,8000,8000,6,ts,IIO W/ tree coloring,NWC,4211,160,1301,2749,209,474,2064,1506,557,144100.00%,205389,729
10,8000,8000,8000,7,ts,IIO W/ tree coloring,NWC,4157,161,1295,2700,168,464,2066,1507,559,144200.00%,204231,697
10,8000,8000,8000,8,ts,IIO W/ tree coloring,NWC,4201,163,1310,2727,164,486,2076,1510,565,141800.00%,206046,665
10,8000,8000,8000,9,ts,IIO W/ tree coloring,NWC,4215,159,1302,2752,181,478,2092,1523,569,145100.00%,205515,758
10,8000,8000,8000,10,ts,IIO W/ tree coloring,NWC,4112,161,1305,2645,157,450,2037,1482,554,143100.00%,203899,632
10,10000,10000,10000,1,ts,IIO W/ tree coloring,NWC,6599,236,2144,4217,291,715,3210,2386,823,177400.00%,269426,834
10,10000,10000,10000,2,ts,IIO W/ tree coloring,NWC,6523,238,2135,4149,290,705,3152,2340,812,178700.00%,266897,834
10,10000,10000,10000,3,ts,IIO W/ tree coloring,NWC,6538,236,2129,4172,317,732,3121,2315,805,178600.00%,267088,938
10,10000,10000,10000,4,ts,IIO W/ tree coloring,NWC,6615,237,2127,4250,314,740,3194,2373,820,180400.00%,267444,935
10,10000,10000,10000,5,ts,IIO W/ tree coloring,NWC,6592,237,2143,4211,299,738,3172,2362,810,180500.00%,265990,870
10,10000,10000,10000,6,ts,IIO W/ tree coloring,NWC,6540,237,2134,4168,301,711,3154,2341,812,181000.00%,266827,879
10,10000,10000,10000,7,ts,IIO W/ tree coloring,NWC,6583,236,2140,4206,306,724,3174,2355,818,180400.00%,266843,889
10,10000,10000,10000,8,ts,IIO W/ tree coloring,NWC,6437,236,2133,4067,266,676,3123,2309,813,179000.00%,266785,728
10,10000,10000,10000,9,ts,IIO W/ tree coloring,NWC,6603,236,2147,4219,296,717,3204,2378,826,180300.00%,269730,855
10,10000,10000,10000,10,ts,IIO W/ tree coloring,NWC,6441,239,2137,4064,277,687,3098,2297,801,182000.00%,264277,794
10,12000,12000,12000,1,ts,IIO W/ tree coloring,NWC,9584,302,3345,5935,442,972,4520,3398,1121,216600.00%,329250,909
10,12000,12000,12000,2,ts,IIO W/ tree coloring,NWC,9850,303,3355,6191,518,1038,4634,3519,1114,217100.00%,331263,1140
10,12000,12000,12000,3,ts,IIO W/ tree coloring,NWC,9576,302,3361,5911,429,968,4513,3390,1122,216100.00%,332355,869
10,12000,12000,12000,4,ts,IIO W/ tree coloring,NWC,9715,307,3359,6048,457,986,4604,3481,1122,212800.00%,331694,962
10,12000,12000,12000,5,ts,IIO W/ tree coloring,NWC,9851,304,3360,6185,508,1228,4447,3335,1111,216600.00%,330771,1097
10,12000,12000,12000,6,ts,IIO W/ tree coloring,NWC,9548,302,3354,5891,442,972,4475,3355,1120,213800.00%,333325,908
10,12000,12000,12000,7,ts,IIO W/ tree coloring,NWC,9680,304,3345,6029,461,1003,4563,3429,1133,215300.00%,335455,968
10,12000,12000,12000,8,ts,IIO W/ tree coloring,NWC,9462,304,3360,5796,425,951,4419,3312,1106,215200.00%,331173,840
10,12000,12000,12000,9,ts,IIO W/ tree coloring,NWC,9548,303,3369,5875,442,962,4470,3350,1120,215300.00%,331302,876
10,12000,12000,12000,10,ts,IIO W/ tree coloring,NWC,9600,308,3361,5931,453,995,4481,3357,1123,211500.00%,331165,940
10,16000,16000,16000,1,ts,IIO W/ tree coloring,NWC,24644,1150,6689,16800,1006,1781,14011,12103,1907,287000.00%,469835,1172
10,16000,16000,16000,2,ts,IIO W/ tree coloring,NWC,23231,1107,6476,15643,813,1623,13206,11399,1806,284100.00%,469019,996
10,16000,16000,16000,3,ts,IIO W/ tree coloring,NWC,23816,1121,6617,16073,977,1764,13330,11519,1810,287100.00%,468940,1264
10,16000,16000,16000,4,ts,IIO W/ tree coloring,NWC,23974,1230,6886,15850,836,1665,13347,11583,1764,289600.00%,467678,1023
10,16000,16000,16000,5,ts,IIO W/ tree coloring,NWC,23947,1187,6544,16212,917,1714,13578,11810,1767,290600.00%,467389,1185
10,16000,16000,16000,6,ts,IIO W/ tree coloring,NWC,23468,1112,6480,15871,916,1706,13247,11427,1820,285100.00%,469219,1150
10,16000,16000,16000,7,ts,IIO W/ tree coloring,NWC,24665,1146,6811,16704,983,2124,13594,11801,1792,287500.00%,466986,1268
10,16000,16000,16000,8,ts,IIO W/ tree coloring,NWC,23983,1156,6605,16216,903,1694,13617,11803,1813,287400.00%,466472,1133
10,16000,16000,16000,9,ts,IIO W/ tree coloring,NWC,23760,1110,6835,15811,962,1751,13096,11225,1869,287800.00%,469255,1242
10,16000,16000,16000,10,ts,IIO W/ tree coloring,NWC,24077,1135,6667,16270,976,1763,13529,11737,1790,288800.00%,469738,1273
10,1000,1000,1000,1,ts,IIO W/O tree coloring,MMR,136,2,15,119,1,5,112,104,8,1100.00%,7221,97
10,1000,1000,1000,2,ts,IIO W/O tree coloring,MMR,120,2,16,103,1,5,97,90,7,1000.00%,6755,90
10,1000,1000,1000,3,ts,IIO W/O tree coloring,MMR,117,2,16,100,1,5,93,85,8,1000.00%,7151,107
10,1000,1000,1000,4,ts,IIO W/O tree coloring,MMR,128,2,15,111,2,5,104,96,8,900.00%,6950,106
10,1000,1000,1000,5,ts,IIO W/O tree coloring,MMR,123,1,16,106,2,5,99,91,8,800.00%,6900,109
10,1000,1000,1000,6,ts,IIO W/O tree coloring,MMR,114,1,15,97,1,5,91,84,7,800.00%,6425,95
10,1000,1000,1000,7,ts,IIO W/O tree coloring,MMR,134,2,16,117,2,6,109,101,8,700.00%,7021,125
10,1000,1000,1000,8,ts,IIO W/O tree coloring,MMR,130,2,16,112,2,5,105,98,7,800.00%,6821,111
10,1000,1000,1000,9,ts,IIO W/O tree coloring,MMR,134,2,15,117,1,5,110,103,8,900.00%,6904,104
10,1000,1000,1000,10,ts,IIO W/O tree coloring,MMR,137,2,16,120,1,5,113,105,8,900.00%,7109,101
10,2000,2000,2000,1,ts,IIO W/O tree coloring,MMR,530,6,65,460,5,17,438,414,24,1800.00%,16828,138
10,2000,2000,2000,2,ts,IIO W/O tree coloring,MMR,527,6,65,456,6,19,432,406,25,2000.00%,17461,184
10,2000,2000,2000,3,ts,IIO W/O tree coloring,MMR,571,6,65,501,6,19,476,451,25,2000.00%,17793,174
10,2000,2000,2000,4,ts,IIO W/O tree coloring,MMR,561,6,65,490,6,18,466,441,25,1700.00%,16870,161
10,2000,2000,2000,5,ts,IIO W/O tree coloring,MMR,529,6,66,457,7,19,431,407,24,1600.00%,17042,198
10,2000,2000,2000,6,ts,IIO W/O tree coloring,MMR,542,6,65,472,5,17,449,425,24,1900.00%,17101,155
10,2000,2000,2000,7,ts,IIO W/O tree coloring,MMR,563,6,65,493,6,19,467,442,25,1800.00%,17172,188
10,2000,2000,2000,8,ts,IIO W/O tree coloring,MMR,532,6,65,462,5,17,439,416,23,1800.00%,16712,158
10,2000,2000,2000,9,ts,IIO W/O tree coloring,MMR,531,6,65,460,5,18,436,412,24,1900.00%,17183,167
10,2000,2000,2000,10,ts,IIO W/O tree coloring,MMR,542,6,65,471,6,19,446,422,24,1800.00%,17191,174
10,4000,4000,4000,1,ts,IIO W/O tree coloring,MMR,2403,22,280,2101,21,62,2018,1937,81,3700.00%,41475,249
10,4000,4000,4000,2,ts,IIO W/O tree coloring,MMR,2404,23,285,2096,21,64,2011,1929,82,3800.00%,40853,250
10,4000,4000,4000,3,ts,IIO W/O tree coloring,MMR,2361,22,279,2060,21,63,1975,1893,82,3700.00%,42263,266
10,4000,4000,4000,4,ts,IIO W/O tree coloring,MMR,2426,23,281,2122,22,65,2035,1954,81,3600.00%,41223,265
10,4000,4000,4000,5,ts,IIO W/O tree coloring,MMR,2286,22,279,1985,22,64,1898,1817,81,3700.00%,41879,285
10,4000,4000,4000,6,ts,IIO W/O tree coloring,MMR,2380,22,280,2078,28,66,1984,1904,80,3700.00%,41774,298
10,4000,4000,4000,7,ts,IIO W/O tree coloring,MMR,2394,23,284,2087,21,63,2004,1922,82,3500.00%,41528,242
10,4000,4000,4000,8,ts,IIO W/O tree coloring,MMR,2499,23,282,2194,23,67,2103,2019,84,3800.00%,42175,282
10,4000,4000,4000,9,ts,IIO W/O tree coloring,MMR,2471,22,279,2171,21,62,2087,2008,79,3400.00%,40981,255
10,4000,4000,4000,10,ts,IIO W/O tree coloring,MMR,2366,22,282,2061,22,64,1976,1891,85,3500.00%,42425,267
10,6000,6000,6000,1,ts,IIO W/O tree coloring,MMR,6656,52,825,5778,61,156,5561,5383,177,5100.00%,66946,404
10,4000,9000,6000,1,ts,IIO W/O tree coloring,MMR,6664,55,898,5711,54,180,5476,5301,174,4596.07%,68954,352
10,3000,12000,6000,1,ts,IIO W/O tree coloring,MMR,6893,55,892,5945,71,267,5608,5432,175,3683.39%,75693,426
10,2000,18000,6000,1,ts,IIO W/O tree coloring,MMR,8242,56,899,7286,101,276,6908,6734,173,2544.47%,86459,419
10,1000,36000,6000,1,ts,IIO W/O tree coloring,MMR,15523,94,1096,14332,395,890,13046,12804,241,1130.44%,111176,534
10,6000,6000,6000,2,ts,IIO W/O tree coloring,MMR,6929,53,821,6055,62,158,5835,5652,182,5400.00%,70192,421
10,4000,9000,6000,2,ts,IIO W/O tree coloring,MMR,6576,55,886,5634,62,191,5381,5205,175,4834.16%,70019,425
10,3000,12000,6000,2,ts,IIO W/O tree coloring,MMR,7050,55,893,6102,67,209,5826,5647,178,4003.17%,76566,390
10,2000,18000,6000,2,ts,IIO W/O tree coloring,MMR,8347,56,898,7392,106,334,6951,6781,169,2583.61%,83874,437
10,1000,36000,6000,2,ts,IIO W/O tree coloring,MMR,14867,60,927,13879,424,925,12528,12295,233,1200.14%,106790,608
10,6000,6000,6000,3,ts,IIO W/O tree coloring,MMR,6299,52,821,5425,60,150,5215,5036,179,5600.00%,68426,391
10,4000,9000,6000,3,ts,IIO W/O tree coloring,MMR,7122,55,893,6173,59,191,5922,5742,180,5127.83%,71771,384
10,3000,12000,6000,3,ts,IIO W/O tree coloring,MMR,7428,54,898,6475,78,232,6163,5991,172,3955.15%,75271,485
10,2000,18000,6000,3,ts,IIO W/O tree coloring,MMR,8360,56,900,7404,115,454,6834,6663,171,2562.19%,84985,495
10,1000,36000,6000,3,ts,IIO W/O tree coloring,MMR,12899,61,931,11906,322,785,10798,10601,196,1128.07%,110106,529
10,6000,6000,6000,4,ts,IIO W/O tree coloring,MMR,6659,52,819,5787,70,165,5552,5366,186,5400.00%,69830,483
10,4000,9000,6000,4,ts,IIO W/O tree coloring,MMR,6815,55,903,5857,62,189,5605,5422,183,4621.77%,71267,408
10,3000,12000,6000,4,ts,IIO W/O tree coloring,MMR,7365,55,895,6414,65,208,6140,5969,171,3778.14%,74678,371
10,2000,18000,6000,4,ts,IIO W/O tree coloring,MMR,7911,56,905,6950,95,263,6591,6416,174,2581.47%,86594,387
10,1000,36000,6000,4,ts,IIO W/O tree coloring,MMR,13330,60,915,12354,297,670,11387,11191,195,1148.00%,110226,501
10,6000,6000,6000,5,ts,IIO W/O tree coloring,MMR,6209,52,823,5333,48,137,5147,4970,177,5500.00%,67895,305
10,4000,9000,6000,5,ts,IIO W/O tree coloring,MMR,6843,53,833,5957,53,176,5727,5550,177,5078.08%,71938,355
10,3000,12000,6000,5,ts,IIO W/O tree coloring,MMR,7083,54,890,6138,63,203,5871,5697,174,3660.44%,75965,358
10,2000,18000,6000,5,ts,IIO W/O tree coloring,MMR,8219,55,894,7269,107,286,6875,6707,168,2615.18%,83427,454
10,1000,36000,6000,5,ts,IIO W/O tree coloring,MMR,12238,60,921,11256,247,489,10520,10322,197,1214.14%,111482,400
10,6000,6000,6000,6,ts,IIO W/O tree coloring,MMR,6576,52,823,5701,61,158,5481,5296,184,5500.00%,69849,423
10,4000,9000,6000,6,ts,IIO W/O tree coloring,MMR,6462,52,832,5578,58,179,5341,5173,167,4857.07%,68795,390
10,3000,12000,6000,6,ts,IIO W/O tree coloring,MMR,7095,55,894,6146,60,249,5836,5667,169,3853.16%,73268,344
10,2000,18000,6000,6,ts,IIO W/O tree coloring,MMR,8208,56,903,7248,94,264,6890,6721,168,2604.37%,85304,384
10,1000,36000,6000,6,ts,IIO W/O tree coloring,MMR,13106,60,914,12130,270,730,11129,10937,191,1166.45%,109017,444
10,6000,6000,6000,7,ts,IIO W/O tree coloring,MMR,6638,52,825,5760,59,152,5548,5365,183,5300.00%,69980,389
10,4000,9000,6000,7,ts,IIO W/O tree coloring,MMR,6713,55,887,5771,49,172,5549,5370,178,4858.36%,70865,317
10,3000,12000,6000,7,ts,IIO W/O tree coloring,MMR,7287,55,890,6341,69,215,6056,5878,178,3866.72%,75817,399
10,2000,18000,6000,7,ts,IIO W/O tree coloring,MMR,8301,55,897,7349,111,288,6950,6780,169,2636.70%,83247,467
10,1000,36000,6000,7,ts,IIO W/O tree coloring,MMR,12914,60,948,11905,299,624,10981,10783,198,1169.56%,111714,505
10,6000,6000,6000,8,ts,IIO W/O tree coloring,MMR,6612,52,820,5739,51,188,5499,5320,178,5200.00%,68841,324
10,4000,9000,6000,8,ts,IIO W/O tree coloring,MMR,6596,55,891,5650,53,178,5418,5240,178,4857.02%,71436,354
10,3000,12000,6000,8,ts,IIO W/O tree coloring,MMR,7396,54,898,6444,69,214,6160,5986,173,3843.30%,75368,399
10,2000,18000,6000,8,ts,IIO W/O tree coloring,MMR,8502,56,899,7546,100,377,7068,6898,170,2556.93%,85073,407
10,1000,36000,6000,8,ts,IIO W/O tree coloring,MMR,13998,60,922,13015,310,745,11959,11742,217,1193.26%,110469,471
10,6000,6000,6000,9,ts,IIO W/O tree coloring,MMR,6269,53,823,5392,55,148,5188,5006,182,5600.00%,68829,375
10,4000,9000,6000,9,ts,IIO W/O tree coloring,MMR,6543,53,888,5602,57,183,5362,5185,177,4699.68%,71212,372
10,3000,12000,6000,9,ts,IIO W/O tree coloring,MMR,7172,55,891,6225,73,223,5928,5753,175,3807.81%,75897,445
10,2000,18000,6000,9,ts,IIO W/O tree coloring,MMR,8288,56,899,7332,106,284,6942,6770,171,2647.11%,85860,443
10,1000,36000,6000,9,ts,IIO W/O tree coloring,MMR,13026,59,905,12062,305,774,10982,10784,198,1198.42%,112058,526
10,6000,6000,6000,10,ts,IIO W/O tree coloring,MMR,6231,52,825,5354,57,147,5149,4964,185,5400.00%,69602,364
10,4000,9000,6000,10,ts,IIO W/O tree coloring,MMR,6896,50,804,6042,67,354,5620,5437,183,4691.19%,72996,441
10,3000,12000,6000,10,ts,IIO W/O tree coloring,MMR,7462,55,891,6514,70,320,6123,5945,178,3986.05%,78104,410
10,2000,18000,6000,10,ts,IIO W/O tree coloring,MMR,8223,55,897,7271,100,272,6898,6730,168,2418.33%,84387,415
10,1000,36000,6000,10,ts,IIO W/O tree coloring,MMR,13301,59,907,12333,312,580,11440,11234,205,1102.35%,109701,520
10,8000,8000,8000,1,ts,IIO W/O tree coloring,MMR,11370,92,1217,10060,118,261,9681,9381,300,7000.00%,96458,506
10,8000,8000,8000,2,ts,IIO W/O tree coloring,MMR,11950,92,1221,10636,111,253,10271,9976,294,7000.00%,96198,451
10,8000,8000,8000,3,ts,IIO W/O tree coloring,MMR,12346,92,1219,11033,114,263,10656,10353,302,7100.00%,99789,484
10,8000,8000,8000,4,ts,IIO W/O tree coloring,MMR,11587,93,1216,10277,110,254,9911,9605,306,7100.00%,99932,460
10,8000,8000,8000,5,ts,IIO W/O tree coloring,MMR,11468,93,1223,10151,100,244,9806,9499,306,7300.00%,100038,400
10,8000,8000,8000,6,ts,IIO W/O tree coloring,MMR,11563,92,1217,10254,118,265,9870,9562,308,7300.00%,101536,505
10,8000,8000,8000,7,ts,IIO W/O tree coloring,MMR,11874,92,1216,10565,107,250,10207,9917,290,6700.00%,96592,436
10,8000,8000,8000,8,ts,IIO W/O tree coloring,MMR,11490,93,1216,10180,104,248,9827,9526,301,7200.00%,98508,432
10,8000,8000,8000,9,ts,IIO W/O tree coloring,MMR,11759,92,1214,10453,121,259,10072,9771,301,6900.00%,98494,475
10,8000,8000,8000,10,ts,IIO W/O tree coloring,MMR,11421,93,1216,10111,99,241,9771,9466,305,6900.00%,99825,392
10,10000,10000,10000,1,ts,IIO W/O tree coloring,MMR,18628,142,1891,16594,183,364,16047,15602,444,9000.00%,132182,506
10,10000,10000,10000,2,ts,IIO W/O tree coloring,MMR,18151,133,1847,16170,185,361,15624,15186,437,9100.00%,134421,533
10,10000,10000,10000,3,ts,IIO W/O tree coloring,MMR,19230,137,1879,17213,220,393,16598,16164,434,8800.00%,131074,602
10,10000,10000,10000,4,ts,IIO W/O tree coloring,MMR,20055,137,1894,18023,261,423,17338,16884,454,8600.00%,131789,692
10,10000,10000,10000,5,ts,IIO W/O tree coloring,MMR,19228,135,1877,17214,205,377,16631,16197,434,8900.00%,131909,542
10,10000,10000,10000,6,ts,IIO W/O tree coloring,MMR,18125,140,1877,16108,187,368,15552,15125,426,8600.00%,127817,529
10,10000,10000,10000,7,ts,IIO W/O tree coloring,MMR,17846,133,1850,15862,195,377,15289,14877,412,8600.00%,128075,586
10,10000,10000,10000,8,ts,IIO W/O tree coloring,MMR,18192,136,1870,16185,172,347,15665,15239,426,8700.00%,128631,460
10,10000,10000,10000,9,ts,IIO W/O tree coloring,MMR,18941,135,1865,16940,196,377,16366,15937,429,9000.00%,130229,557
10,10000,10000,10000,10,ts,IIO W/O tree coloring,MMR,18758,137,1881,16740,180,364,16196,15779,416,8700.00%,126383,502
10,12000,12000,12000,1,ts,IIO W/O tree coloring,MMR,27810,194,2981,24634,323,507,23803,23203,599,10500.00%,163943,564
10,12000,12000,12000,2,ts,IIO W/O tree coloring,MMR,28016,196,2988,24831,348,572,23909,23292,617,10400.00%,164940,757
10,12000,12000,12000,3,ts,IIO W/O tree coloring,MMR,27528,197,2996,24333,275,495,23562,22968,594,10500.00%,160456,521
10,12000,12000,12000,4,ts,IIO W/O tree coloring,MMR,27657,196,2997,24462,326,550,23586,22972,613,10900.00%,166936,690
10,12000,12000,12000,5,ts,IIO W/O tree coloring,MMR,28226,193,2956,25075,361,576,24137,23528,609,11000.00%,167672,793
10,12000,12000,12000,6,ts,IIO W/O tree coloring,MMR,28375,201,2994,25179,286,511,24381,23771,610,10600.00%,166840,551
10,12000,12000,12000,7,ts,IIO W/O tree coloring,MMR,28311,196,3010,25104,321,539,24243,23636,606,10400.00%,163345,653
10,12000,12000,12000,8,ts,IIO W/O tree coloring,MMR,28333,193,2957,25181,283,522,24375,23776,599,10500.00%,165260,543
10,12000,12000,12000,9,ts,IIO W/O tree coloring,MMR,28836,193,2969,25673,293,510,24868,24261,607,11200.00%,166279,565
10,12000,12000,12000,10,ts,IIO W/O tree coloring,MMR,27246,197,2954,24094,311,528,23255,22651,603,10800.00%,165261,633
10,16000,16000,16000,1,ts,IIO W/O tree coloring,MMR,58057,1436,5545,51067,615,933,49517,48500,1017,14300.00%,233207,763
10,16000,16000,16000,2,ts,IIO W/O tree coloring,MMR,57417,1470,5584,50358,530,877,48949,47929,1019,14900.00%,23111,607
10,16000,16000,16000,3,ts,IIO W/O tree coloring,MMR,57550,1431,5549,50559,852,1132,48573,47505,1068,13700.00%,237959,986
10,16000,16000,16000,4,ts,IIO W/O tree coloring,MMR,56221,1481,5628,49071,528,870,47671,46658,1013,14300.00%,230950,602
10,16000,16000,16000,5,ts,IIO W/O tree coloring,MMR,56298,1397,5510,49374,646,952,47775,46744,1030,14100.00%,234902,812
10,16000,16000,16000,6,ts,IIO W/O tree coloring,MMR,58519,1573,5670,51261,621,945,49694,48644,1049,14300.00%,237962,747
10,16000,16000,16000,7,ts,IIO W/O tree coloring,MMR,56892,1410,5501,49972,662,1289,48020,46972,1047,14100.00%,238664,843
10,16000,16000,16000,8,ts,IIO W/O tree coloring,MMR,57525,1381,5614,50524,630,946,48947,47917,1029,14800.00%,237982,807
10,16000,16000,16000,9,ts,IIO W/O tree coloring,MMR,55129,1361,5513,48250,631,938,46680,45632,1047,14600.00%,236775,798
10,16000,16000,16000,10,ts,IIO W/O tree coloring,MMR,58666,1677,6113,50871,663,980,49227,48188,1038,14500.00%,236721,865
